names;Lab;Packet;Prep;day;SiO2;TiO2;Al2O3;Fe2O3T;FeO;MnO;MgO;CaO;Na2O;K2O;P2O5;H2O+;H2O-;CO2;LOI;As;Ba;Be;Ce;Co;Cr;Cs;Cu;Dy;Er;Eu;Ga;Gd;Hf;Ho;La;Li;Lu;Nb;Nd;Ni;Pb;Pr;Rb;Sb;Sc;Sm;Sn;Sr;Ta;Tb;Th;Tl;Tm;U;V;Y;Yb;Zn;Zr
ALS;1;1;1;1;40.9;0.03;1.31;8.43;;0.12;37.5;1.19;0.1;;;;;;8.22;;4.7;;;110.5;2500;;19;0.16;0.13000;;1.4;;;;;;;;;2150;;;;;;;;8.9;;;;;;;;;;49;
ALS;1;1;2;1;39.9;0.03;1.34;8.51;;0.13;39.2;1.2;0.12;;;;;;8.85;;4.3;;;107.5;2550;;18;0.14;0.10000;;1.6;;;;;;;;;2060;;;;;;;;8.1;;;;;;;;;;56;
ALS;1;1;1;2;40.8;0.03;1.34;8.56;;0.11;38.7;1.21;0.11;;;;;;8.98;;4.4;;;108.5;2760;;20;0.13;0.09000;;1.6;;;;;;;;;2060;;;;;;;;8.6;;;;;;;;;;42;
ALS;1;1;2;2;40.7;0.03;1.33;8.48;;0.11;38.5;1.22;0.11;;;;;;9.22;;4.6;;;104.5;2490;;19;0.14;0.11000;;1.4;;;;;;;;;1980;;;;;;;;8.2;;;;;;;;;;46;
ALS;1;2;1;1;39.7;0.03;1.26;8.47;;0.12;37.8;1.18;0.09;;;;;;8.99;;4.7;;;109.5;2500;;19;0.16;0.12000;;1.5;;;;;;;;;2120;;;;;;;;8.9;;;;;;;;;;49;
ALS;1;2;2;1;39.6;0.03;1.32;8.46;;0.13;39;1.18;0.11;;;;;;8.84;;4.1;;;109;2630;;19;0.13;0.10000;;1.5;;;;;;;;;2060;;;;;;;;8.5;;;;;;;;;;50;
ALS;1;2;1;2;40.4;0.03;1.32;8.48;;0.11;38.4;1.2;0.11;;;;;;9.62;;4.6;;;109.5;2700;;18;0.16;0.09000;;1.5;;;;;;;;;2040;;;;;;;;8.2;;;;;;;;;;50;
ALS;1;2;2;2;41.6;0.03;1.32;8.46;;0.11;38.5;1.22;0.1;;;;;;8.76;;4.2;;;103.5;2500;;19;0.14;0.11000;;1.4;;;;;;;;;1965;;;;;;;;8.1;;;;;;;;;;46;
ALS;1;3;1;1;40;0.03;1.26;8.4;;0.12;37.6;1.16;0.09;;;;;;9.14;;5.4;;;111;2540;;20;0.15;0.11000;;1.6;;;;;;;;;2180;;;;;;;;9.1;;;;;;;;;;55;
ALS;1;3;2;1;39.9;0.03;1.32;8.52;;0.13;39.1;1.18;0.11;;;;;;9.28;;4;;;108.5;2630;;19;0.14;0.08000;;1.5;;;;;;;;;2080;;;;;;;;8.2;;;;;;;;;;51;
ALS;1;3;1;2;40.2;0.03;1.35;8.68;;0.12;39.3;1.21;0.11;;;;;;8.83;;4.4;;;110;2750;;21;0.16;0.13000;;1.8;;;;;;;;;2040;;;;;;;;8.4;;;;;;;;;;52;
ALS;1;3;2;2;41.5;0.03;1.32;8.45;;0.11;38.4;1.22;0.1;;;;;;8.85;;5;;;101.5;2520;;18;0.15;0.11000;;1.3;;;;;;;;;1905;;;;;;;;8.3;;;;;;;;;;46;
ARC;2;1;1;1;;;;;;;;;;;;;;;;;;;0.23;104;;0.0943;19;0.151;0.11000;0.026;1.31;0.0997;;0.0346;0.16;;0.0184;;0.188;2160;;0.0408;0.356;;9.53;0.0605;;8.81;;0.0212;;;0.0155;;;0.923;0.116;38.20333333;
ARC;2;1;2;1;;;;;;;;;;;;;;;;;;;;98.7;;0.0975;17.9;0.155;0.10900;0.0281;1.23;0.105;;0.035;;;0.0183;;0.177;2120;;0.0386;0.302;;9.63;0.0662;;8.66;;0.0224;;;0.0166;;;0.913;0.12;38.20333333;
ARC;2;1;1;2;;;;;;;;;;;;;;;;;;;0.218;107;;0.0986;19.6;0.148;0.10500;0.0256;1.32;0.101;;0.033;0.188;;0.0192;;0.188;2160;;0.0487;0.402;;7.82;0.0734;;8.38;;0.0207;;;0.0156;;;0.899;0.117;37.18;
ARC;2;1;2;2;;;;;;;;;;;;;;;;;;;;100;;0.0976;18.9;0.156;0.10900;0.0271;1.2;0.103;;0.0354;;;0.0189;;0.179;2150;;0.0416;0.311;;7.87;0.0642;;8.21;;0.0216;;;0.0166;;;0.876;0.118;33.78;
ARC;2;2;1;1;;;;;;;;;;;;;;;;;;;0.193;103;;0.0962;18.9;0.154;0.11300;0.0274;1.34;0.101;;0.0349;0.134;;0.0194;;0.184;2110;;0.038;0.347;;9.37;0.07;;8.51;;0.0213;;;0.0165;;;0.918;0.118;38.20333333;
ARC;2;2;2;1;;;;;;;;;;;;;;;;;;;0.2;100;;0.0968;18.3;0.153;0.10300;0.0267;1.26;0.109;;0.0354;0.137;;0.018;;0.185;2130;;0.038;0.293;;9.58;0.069;;8.77;;0.0219;;;0.0152;;;0.928;0.116;37.60333333;
ARC;2;2;1;2;;;;;;;;;;;;;;;;;;;0.184;105;;0.0963;19.6;0.148;0.10700;0.0263;1.28;0.0937;;0.0333;0.151;;0.0195;;0.168;2150;;0.0415;0.38;;8.22;0.0673;;8.22;;0.0211;;;0.0165;;;0.904;0.118;36.08;
ARC;2;2;2;2;;;;;;;;;;;;;;;;;;;0.192;101;;0.101;18.9;0.162;0.10500;0.0267;1.22;0.101;;0.0362;0.148;;0.019;;0.197;2170;;0.0409;0.297;;8.26;0.0667;;8.37;;0.0216;;;0.017;;;0.889;0.128;34.28;
ARC;2;3;1;1;;;;;;;;;;;;;;;;;;;;101;;0.099;18.1;0.154;0.11200;0.0271;1.3;0.109;;0.0357;;;0.0184;;;2100;;;0.453;;9.49;0.0701;;8.69;;0.0217;;;0.0173;;;0.93;0.117;37.80333333;
ARC;2;3;2;1;;;;;;;;;;;;;;;;;;;0.194;97.2;;0.0989;18.6;0.152;0.11700;0.0262;1.28;0.101;;0.0359;0.137;;0.0195;;0.188;2110;;0.0393;0.336;;9.54;0.0681;;8.63;;0.0229;;;0.0169;;;0.904;0.12;38.10333333;
ARC;2;3;1;2;;;;;;;;;;;;;;;;;;;;103;;0.0984;18.8;0.154;0.11000;0.0269;1.26;0.101;;0.0345;;;0.0183;;;2150;;;;;8.03;0.0712;;8.24;;0.0217;;;0.0155;;;0.885;0.11;34.78;
ARC;2;3;2;2;;;;;;;;;;;;;;;;;;;0.188;101;;0.0985;19.9;0.15;0.11400;0.026;1.25;0.0973;;0.0351;0.144;;0.019;;0.191;2130;;0.0436;0.385;;8.08;0.0664;;8.22;;0.0219;;;0.0168;;;0.882;0.113;33.58;
BGR;3;1;1;1;40.17;0.032;1.34;8.5;;0.119;38.12;1.198;;;;;;;9.74;;;;;108;2720;;19;;;;;;;;;;;;;2137;;;;;9;;;;;;;;;;38;;;51;
BGR;3;1;2;1;40.23;0.033;1.33;8.48;;0.119;38.1;1.201;0.01;;;;;;9.75;;;;;105;2721;;18;;;;;;;;;;;;;2124;;;;;9;;;;;;;;;;39;;;51;
BGR;3;1;1;2;40.23;0.032;1.33;8.52;;0.119;38.06;1.202;0.01;;;;;;9.66;;;;;105;2740;;18;;;;;;;;;;;;;2136;;;;;10;;;;;;;;;;41;;;51;
BGR;3;1;2;2;40.27;0.032;1.33;8.46;;0.119;38.04;1.207;0.03;;;;;;9.7;;;;;106;2744;;20;;;;;;;;;;;;;2120;;;;;8;;;;;;;;;;39;;;51;
BGR;3;2;1;1;40.14;0.032;1.34;8.51;;0.119;37.91;1.201;0.07;;;;;;9.74;;;;;107;2722;;18;;;;;;;;;;;;;2127;;;;;8;;;;;;;;;;40;;;56;
BGR;3;2;2;1;40.22;0.033;1.34;8.49;;0.119;38.01;1.204;;;;;;;9.75;;;;;107;2729;;19;;;;;;;;;;;;;2126;;;;;9;;;;;;;;;;39;;;51;
BGR;3;2;1;2;40.28;0.033;1.34;8.49;;0.118;38.11;1.2;0.01;;;;;;9.66;;;;;105;2732;;22;;;;;;;;;;;;;2131;;;;;9;;;;;;;;;;40;;;51;
BGR;3;2;2;2;40.32;0.032;1.33;8.44;;0.119;38.1;1.206;;;;;;;9.7;;;;;107;2739;;17;;;;;;;;;;;;;2118;;;;;9;;;;;;;;;;43;;;51;
BGR;3;3;1;1;40.27;0.032;1.33;8.51;;0.12;38.17;1.199;0.02;;;;;;9.63;;;;;107;2739;;19;;;;;;;;;;;;;2137;;;;;8;;;;;;;;;;41;;;49;
BGR;3;3;2;1;40.28;0.032;1.33;8.47;;0.119;38.1;1.198;0.02;;;;;;9.68;;;;;102;2731;;18;;;;;;;;;;;;;2127;;;;;9;;;;;;;;;;42;;;51;
BGR;3;3;1;2;40.17;0.032;1.33;8.52;;0.119;38.13;1.2;0.02;;;;;;9.63;;;;;107;2742;;18;;;;;;;;;;;;;2134;;;;;9;;;;;;;;;;43;;;50;
BGR;3;3;2;2;40.2;0.032;1.33;8.49;;0.119;38.06;1.201;0.03;;;;;;9.68;;;;;107;2742;;18;;;;;;;;;;;;;2128;;;;;9;;;;;;;;;;40;;;49;
BGS;4;1;1;1;40.47;0.03;1.33;8.69;;0.12;38.44;1.22;0.09;0.02;;;;;9.33;3.8;3;;;102;2451;;10;0.124;0.10400;0.024;1;;;0.032;;3;0.013;;;2049;;;;;9;;;7;;0.023;;;0.017;0.021;36;0.8;0.127;44;
BGS;4;1;2;1;40.37;0.03;1.31;8.7;;0.12;38.26;1.22;0.1;0.02;;;;;9.29;4.2;;;;104;2429;;8;0.123;0.10300;0.028;1;;;0.037;;2;0.013;;;2040;;;;;9;;;7;;0.02;;;0.011;0.023;36;0.7;0.091;44;
BGS;4;1;1;2;40.37;0.03;1.32;8.66;;0.12;38.3;1.22;0.1;0.02;;;;;9.48;;;;;103;2453;;10;;;;1;;;;;;;;;2044;;;;;9;;;7;;;;;;;36;;;43;
BGS;4;1;2;2;40.56;0.03;1.33;8.74;;0.13;38.45;1.22;0.1;0.02;;;;;9.46;;;;;103;2434;;10;;;;2;;;;;;;;;2045;;;;;10;;;7;;;;;;;37;;;44;
BGS;4;2;1;1;40.21;0.03;1.32;8.64;;0.12;38.24;1.22;0.1;0.02;;;;;9.39;3.6;3;;;104;2446;;10;0.15;0.10100;0.026;2;;;0.034;;3;0.017;;;2048;;;;;9;;;7;;0.018;;;0.013;0.028;36;0.8;0.12;43;
BGS;4;2;2;1;40.53;0.03;1.33;8.72;;0.12;38.49;1.23;0.1;0.02;;;;;9.38;3.5;5;;;103;2428;;10;0.145;0.10400;0.015;1;;;0.03;;;0.032;;;2050;;;;;10;;;8;;0.021;;;0.014;0.013;36;0.8;0.116;44;
BGS;4;2;1;2;40.27;0.03;1.32;8.65;;0.12;38.24;1.22;0.1;0.02;;;;;9.49;;;;;104;2450;;11;;;;2;;;;;;;;;2046;;;;;10;;;7;;;;;;;36;;;45;
BGS;4;2;2;2;40.49;0.03;1.33;8.69;;0.12;38.37;1.22;0.1;0.02;;;;;9.44;;;;;104;2432;;10;;;;2;;;;;;;;;2054;;;;;9;;;8;;;;;;;35;;;44;
BGS;4;3;1;1;40.44;0.03;1.33;8.68;;0.13;38.34;1.23;0.08;0.02;;;;;9.29;3.8;5;;;104;2434;;11;0.144;0.10800;0.026;2;;;0.033;;;0.017;;;2035;;;;;8;;;7;;0.019;;;0.014;;37;0.8;0.099;45;
BGS;4;3;2;1;40.59;0.03;1.34;8.71;;0.13;38.47;1.23;0.1;0.02;;;;;9.27;3.7;5;;;102;2424;;10;0.141;0.09500;0.021;2;;;0.04;;3;0.016;;;2044;;;;;9;;;8;;0.025;;;0.017;0.02;36;0.8;0.109;45;
BGS;4;3;1;2;40.34;0.03;1.33;8.67;;0.12;38.23;1.22;0.12;0.02;;;;;9.5;;;;;103;2437;;11;;;;2;;;;;;;;;2036;;;;;9;;;8;;;;;;;36;;;45;
BGS;4;3;2;2;40.74;0.03;1.34;8.74;;0.13;38.66;1.24;0.1;0.02;;;;;9.55;;;;;103;2429;;11;;;;1;;;;;;;;;2038;;;;;9;;;8;;;;;;;36;;;44;
CERAM;5;1;1;1;40.33;0.029;1.328;8.483;;0.117;38.19;1.222;0.094;0.007;0.003;;;;9.488;; ;;;106;2819;;;;;;;;;;;;;;; ;;;;;8.1;;;12;;;;;;;46;;;49;
CERAM;5;1;2;1;40.41;0.029;1.331;8.538;;0.116;38.19;1.226;0.094;0.007;0.004;;;;9.057;; ;;;109;2874;;;;;;;;;;;;;;; ;;;;;7.9;;;9.4;;;;;;;43;;;46;
CERAM;5;1;1;2;40.28;0.03;1.327;8.491;;0.116;38.13;1.219;0.099;0.006;0.002;;;;9.446;; ;;;95;2839;;;;;;;;;;;;;;; ;;;;;8.6;;;7.9;;;;;;;42;;;36;
CERAM;5;1;2;2;40.43;0.029;1.329;8.566;;0.118;38.13;1.229;0.108;0.008;0.003;;;;9.079;; ;;;100;2846;;;;;;;;;;;;;;; ;;;;;8.4;;;7.2;;;;;;;40;;;34;
CERAM;5;2;1;1;40.5;0.032;1.328;8.543;;0.118;38.46;1.227;0.085;0.008;0.003;;;;9.176;; ;;;106;2853;;;;;;;;;;;;;;; ;;;;;7.8;;;11;;;;;;;44;;;49;
CERAM;5;2;2;1;40.38;0.031;1.321;8.53;;0.117;38.18;1.218;0.092;0.007;0.004;;;;9.228;; ;;;113;2846;;;;;;;;;;;;;;; ;;;;;7.6;;;13;;;;;;;42;;;51;
CERAM;5;2;1;2;40.49;0.031;1.335;8.578;;0.118;38.38;1.222;0.093;0.008;0.003;;;;9.029;; ;;;95;2853;;;;;;;;;;;;;;; ;;;;;8.5;;;6.9;;;;;;;42;;;36;
CERAM;5;2;2;2;40.36;0.029;1.333;8.546;;0.116;38.18;1.226;0.093;0.007;0.003;;;;9.022;; ;;;104;2860;;;;;;;;;;;;;;; ;;;;;8.3;;;8.1;;;;;;;40;;;38;
CERAM;5;3;1;1;40.58;0.031;1.334;8.549;;0.117;38.46;1.223;0.091;0.008;0.003;;;;9.15;; ;;;144;2846;;;;;;;;;;;;;;; ;;;;;7.9;;;13;;;;;;;44;;;55;
CERAM;5;3;2;1;40.39;0.029;1.326;8.577;;0.116;38.24;1.223;0.087;0.007;0.003;;;;9.121;; ;;;118;2839;;;;;;;;;;;;;;; ;;;;;7.8;;;9.5;;;;;;;43;;;46;
CERAM;5;3;1;2;40.57;0.033;1.333;8.558;;0.116;38.33;1.221;0.106;0.009;0.003;;;;9.023;; ;;;131;2860;;;;;;;;;;;;;;; ;;;;;8.4;;;9;;;;;;;41;;;41;
CERAM;5;3;2;2;40.44;0.029;1.329;8.596;;0.118;38.14;1.225;0.088;0.008;0.002;;;;9.008;; ;;;106;2846;;;;;;;;;;;;;;; ;;;;;8.3;;;7;;;;;;;40;;;34;
CGL;6;1;1;1;40.8;0.034;1.37;8.6;;0.116;37.8;1.22;0.09;0.014;0.024;;;;9.38;;;;;114;2720;;;;;;;;;;;;;;;2104;;;;;;;;9;;;;;;;47;;;47;4
CGL;6;1;2;1;40.8;0.035;1.36;8.59;;0.115;37.8;1.22;0.09;0.014;0.023;;;;9.38;;;;;112;2708;;;;;;;;;;;;;;;2107;;;;;;;;9;;;;;;;40;;;50;4
CGL;6;1;1;2;40.8;0.034;1.35;8.6;;0.115;37.7;1.21;0.09;0.014;0.023;;;;9.44;;;;;121;2696;;;;;;;;;;;;;;;2101;;;;;;;;9;;;;;;;48;;;48;4
CGL;6;1;2;2;40.8;0.034;1.35;8.59;;0.115;37.7;1.22;0.09;0.014;0.024;;;;9.44;;;;;111;2706;;;;;;;;;;;;;;;2083;;;;;;;;12;;;;;;;48;;;48;4
CGL;6;2;1;1;40.9;0.035;1.37;8.59;;0.116;37.8;1.23;0.08;0.014;0.024;;;;9.26;;;;;117;2694;;;;;;;;;;;;;;;2097;;;;;;;;9;;;;;;;50;;;49;5
CGL;6;2;2;1;40.9;0.034;1.37;8.61;;0.116;37.8;1.21;0.08;0.014;0.024;;;;9.26;;;;;114;2721;;;;;;;;;;;;;;;2104;;;;;;;;10;;;;;;;48;;;49;4
CGL;6;2;1;2;40.8;0.033;1.37;8.57;;0.115;37.7;1.22;0.09;0.015;0.023;;;;9.45;;;;;109;2687;;;;;;;;;;;;;;;2104;;;;;;;;11;;;;;;;38;;;48;3
CGL;6;2;2;2;40.8;0.034;1.37;8.58;;0.116;37.7;1.22;0.08;0.014;0.023;;;;9.45;;;;;117;2690;;;;;;;;;;;;;;;2092;;;;;;;;9;;;;;;;39;;;50;4
CGL;6;3;1;1;40.9;0.033;1.36;8.58;;0.115;37.9;1.22;0.09;0.013;0.023;;;;9.32;;;;;102;2702;;;;;;;;;;;;;;;2104;;;;;;;;11;;;;;;;44;;;47;4
CGL;6;3;2;1;40.9;0.035;1.37;8.6;;0.116;37.8;1.22;0.08;0.014;0.023;;;;9.32;;;;;109;2712;;;;;;;;;;;;;;;2095;;;;;;;;10;;;;;;;44;;;50;3
CGL;6;3;1;2;40.8;0.034;1.35;8.57;;0.115;37.7;1.22;0.09;0.016;0.024;;;;9.45;;;;;112;2708;;;;;;;;;;;;;;;2106;;;;;;;;12;;;;;;;37;;;48;5
CGL;6;3;2;2;40.8;0.033;1.35;8.58;;0.116;37.8;1.23;0.08;0.015;0.024;;;;9.45;;;;;112;2703;;;;;;;;;;;;;;;2108;;;;;;;;9;;;;;;;39;;;50;4
CZGeol;7;1;1;1;40.58;0.03;1.43;8.49;2.82;0.116;38.67;1.12;0.12;0.04;0.007;9.34;0.3;0.98;9.71;;;;;;;;;;;;;;;;;;;;;;;;;;;;;;;;;;;;;;;;
CZGeol;7;1;2;1;39.85;0.04;1.5;8.45;2.81;0.118;38.68;1.16;0.15;0.06;0.01;9.35;0.27;1;9.74;;;;;;;;;;;;;;;;;;;;;;;;;;;;;;;;;;;;;;;;
CZGeol;7;1;1;2;40.6;0.04;1.38;8.41;2.8;0.117;38.71;1.14;0.14;0.04;0.011;9.33;0.29;0.98;9.7;;;;;;;;;;;;;;;;;;;;;;;;;;;;;;;;;;;;;;;;
CZGeol;7;1;2;2;40.33;0.04;1.4;8.4;2.79;0.117;38.67;1.14;0.13;0.04;0.009;9.32;0.27;0.99;9.73;;;;;;;;;;;;;;;;;;;;;;;;;;;;;;;;;;;;;;;;
CZGeol;7;2;1;1;40.05;0.04;1.43;8.46;2.97;0.118;38.55;1.16;0.12;0.03;0.01;9.33;0.23;0.98;9.72;;;;;;;;;;;;;;;;;;;;;;;;;;;;;;;;;;;;;;;;
CZGeol;7;2;2;1;40.43;0.03;1.36;8.45;2.96;0.116;38.57;1.18;0.13;0.03;0.01;9.15;0.37;0.96;9.54;;;;;;;;;;;;;;;;;;;;;;;;;;;;;;;;;;;;;;;;
CZGeol;7;2;1;2;40.02;0.03;1.33;8.47;3;0.116;38.66;1.17;0.13;0.03;0.01;9.25;0.39;0.96;9.57;;;;;;;;;;;;;;;;;;;;;;;;;;;;;;;;;;;;;;;;
CZGeol;7;2;2;2;39.97;0.02;1.36;8.47;3;0.117;38.67;1.17;0.13;0.04;0.01;9.24;0.41;0.97;9.59;;;;;;;;;;;;;;;;;;;;;;;;;;;;;;;;;;;;;;;;
CZGeol;7;3;1;1;40.25;0.04;1.45;8.48;3.13;0.117;38.92;1.16;0.13;0.05;0.009;9.27;0.42;0.97;9.55;;;;;;;;;;;;;;;;;;;;;;;;;;;;;;;;;;;;;;;;
CZGeol;7;3;2;1;40.23;0.04;1.4;8.46;3.13;0.118;38.78;1.17;0.14;0.06;0.009;9.3;0.36;0.98;9.59;;;;;;;;;;;;;;;;;;;;;;;;;;;;;;;;;;;;;;;;
CZGeol;7;3;1;2;40.02;0.04;1.25;8.46;3.16;0.115;38.81;1.17;0.14;0.04;0.009;9.33;0.36;0.99;9.62;;;;;;;;;;;;;;;;;;;;;;;;;;;;;;;;;;;;;;;;
CZGeol;7;3;2;2;40.05;0.04;1.51;8.42;3.17;0.116;38.83;1.17;0.13;0.03;0.009;9.35;0.33;0.98;9.63;;;;;;;;;;;;;;;;;;;;;;;;;;;;;;;;;;;;;;;;
DSTPisa;8;1;1;1;;;;;;;;;;;;;;;;;4.4;;0.176;97;1525;0.095;15.6;0.148;0.12000;0.026;1.48;0.087;0.03;0.036;0.113;1.83;0.016;;0.148;1926;;0.032;0.284;;10.2;0.081;;9.2;0.036;0.019;0.013;;0.019;0.01;31.6;1.01;0.105;;0.42
DSTPisa;8;1;2;1;;;;;;;;;;;;;;;;;4.5;;0.18;96;1508;0.099;15.3;0.142;0.12600;0.022;1.43;0.077;0.028;0.034;0.116;1.75;0.019;;0.178;1916;;0.034;0.285;;12.8;0.064;;9.1;0.065;0.021;0.014;;0.018;0.01;31.9;1.05;0.095;;0.4
DSTPisa;8;1;1;2;;;;;;;;;;;;;;;;;4.6;;0.169;100;1579;0.107;15.3;0.162;0.10000;0.023;1.48;0.072;0.025;0.033;0.107;2.11;0.018;;0.14;1966;;0.031;0.264;;11.8;0.072;;9;0.182;0.018;0.014;;0.016;0.01;33.8;1.06;0.102;;0.38
DSTPisa;8;1;2;2;;;;;;;;;;;;;;;;;4.5;;0.168;99;1524;0.115;15.8;0.158;0.11000;0.027;1.51;0.088;0.022;0.041;0.117;2.02;0.022;;0.189;1966;;0.035;0.255;;14.3;0.07;;9;0.078;0.022;0.014;;0.018;0.012;33.3;1.01;0.113;;0.45
DSTPisa;8;2;1;1;;;;;;;;;;;;;;;;;5.5;;0.243;98;1581;0.112;18.6;0.154;0.09900;0.035;1.84;0.079;0.027;0.037;0.13;1.87;0.021;;0.208;2085;;0.032;0.388;;14;0.061;;12.6;0.062;0.017;0.016;;0.018;0.013;33.2;1.04;0.126;;0.48
DSTPisa;8;2;2;1;;;;;;;;;;;;;;;;;4.5;;0.214;97;1533;0.103;15.8;0.133;0.09000;0.018;1.4;0.078;0.024;0.032;0.128;1.86;0.02;;0.154;1886;;0.03;0.283;;11.1;0.072;;9.3;0.035;0.02;0.011;;0.018;0.013;32.3;1.03;0.109;;0.43
DSTPisa;8;2;1;2;;;;;;;;;;;;;;;;;5.3;;0.249;95;1548;0.116;18.2;0.154;0.11300;0.023;1.76;0.085;0.021;0.036;0.145;1.81;0.018;;0.228;2029;;0.04;0.381;;14.1;0.068;;12.3;0.068;0.021;0.017;;0.018;0.014;32.4;1.01;0.123;;0.51
DSTPisa;8;2;2;2;;;;;;;;;;;;;;;;;4.8;;0.225;98;1515;0.105;15.9;0.148;0.11400;0.022;1.43;0.092;0.032;0.039;0.13;2.04;0.017;;0.193;2072;;0.038;0.244;;11.9;0.086;;9.2;0.32;0.021;0.014;;0.018;0.01;32.7;1.05;0.117;;0.45
DSTPisa;8;3;1;1;;;;;;;;;;;;;;;;;5.9;;0.212;100;1613;0.104;17.1;0.149;0.09600;0.028;1.69;0.082;0.027;0.033;0.124;1.73;0.019;;0.223;2167;;0.036;0.315;;13.6;0.075;;10.7;0.013;0.019;0.016;;0.017;0.013;34.9;1.08;0.113;;0.46
DSTPisa;8;3;2;1;;;;;;;;;;;;;;;;;4.5;;0.172;98;1643;0.099;15.7;0.123;0.12100;0.021;1.52;0.087;0.036;0.028;0.116;1.93;0.019;;0.169;1937;;0.032;0.287;;11.4;0.059;;9.2;0.066;0.019;0.012;;0.017;0.011;34.7;1.06;0.114;;0.49
DSTPisa;8;3;1;2;;;;;;;;;;;;;;;;;5.4;;0.222;98;1606;0.105;16.6;0.127;0.11800;0.021;1.78;0.099;0.031;0.038;0.137;1.64;0.016;;0.185;2126;;0.034;0.276;;13.7;0.06;;10.9;0.014;0.019;0.014;;0.019;0.015;33.8;1.01;0.12;;0.5
DSTPisa;8;3;2;2;;;;;;;;;;;;;;;;;4.7;;0.187;100;1665;0.105;16;0.146;0.11200;0.026;1.46;0.1;0.033;0.039;0.127;2.12;0.019;;0.182;2091;;0.033;0.261;;12.5;0.068;;9.6;0.06;0.022;0.013;;0.017;0.013;34.9;1.02;0.112;;0.44
GFZ;9;1;1;1;;;;;;;;;;;;;0.5;;;;;;0.1957;111;;0.0947;19.39;0.1535;0.10360;0.0264;;0.1047;0.0668;0.0338;0.1304;;0.0182;;0.1766;2105;;0.0347;0.26;;;0.0649;;8.714;;0.0209;0.0173;;0.0163;0.0154;;0.9217;0.1178;44.11;2.37
GFZ;9;1;2;1;;;;;;;;;;;;;;;;;;;0.2186;111.2;;0.0956;19.02;0.1524;0.10300;0.0244;;0.1064;0.0461;0.034;0.1376;;0.0179;;0.1851;2121;;0.0371;0.2758;;;0.0667;;8.901;;0.0202;0.0172;;0.0165;0.0153;;0.9214;0.1129;44.31;1.322
GFZ;9;1;1;2;;;;;;;;;;;;;;;;;;;0.1961;110.3;;0.0912;19.85;0.1478;0.10640;0.0263;;0.1008;0.0654;0.0334;0.1303;;0.0184;;0.1767;2076;;0.0332;0.2594;;;0.0624;;8.682;;0.0201;0.0168;;0.0165;0.0152;;0.9282;0.113;44.06;2.338
GFZ;9;1;2;2;;;;;;;;;;;;;;;;;;;0.2097;110.7;;0.0954;19.45;0.1494;0.10590;0.027;;0.1043;0.0443;0.0345;0.1366;;0.0178;;0.1795;2095;;0.0358;0.2774;;;0.0661;;8.788;;0.0201;0.0166;;0.0163;0.0153;;0.9158;0.1154;44.62;1.318
GFZ;9;2;1;1;;;;;;;;;;;;;0.63;;;;;;0.2105;110.7;;0.0964;18.79;0.1498;0.10550;0.0256;;0.1101;0.0493;0.0343;0.1389;;0.0171;;0.186;2102;;0.0365;0.2768;;;0.0705;;8.81;;0.0198;0.0198;;0.0161;0.0153;;0.9399;0.1127;44.27;1.424
GFZ;9;2;2;1;;;;;;;;;;;;;;;;;;;0.2184;111.7;;0.0957;19.82;0.1542;0.10740;0.0266;;0.1129;0.0501;0.0345;0.1433;;0.0193;;0.1871;2108;;0.0384;0.2852;;;0.0691;;8.82;;0.0207;0.0208;;0.0165;0.0166;;0.9219;0.1168;44.64;1.638
GFZ;9;2;1;2;;;;;;;;;;;;;;;;;;;0.2044;111.7;;0.0925;19.14;0.1508;0.10800;0.0268;;0.1083;0.0498;0.0355;0.1347;;0.0192;;0.1808;2091;;0.0355;0.2578;;;0.0647;;8.749;;0.0209;0.0196;;0.0172;0.0146;;0.9256;0.1155;44.68;1.391
GFZ;9;2;2;2;;;;;;;;;;;;;;;;;;;0.2148;110.1;;0.0942;20.07;0.1508;0.10330;0.0266;;0.1088;0.0507;0.0349;0.1405;;0.0188;;0.1869;2108;;0.037;0.2907;;;0.0687;;8.705;;0.0214;0.0214;;0.017;0.0156;;0.9185;0.1124;44.39;1.612
GFZ;9;3;1;1;;;;;;;;;;;;;0.64;;;;;;0.2015;111.3;;0.0975;19.29;0.1496;0.10620;0.0244;;0.1084;0.0427;0.0323;0.1355;;0.0186;;0.1713;2102;;0.0357;0.2771;;;0.067;;8.748;;0.0202;0.0178;;0.0164;0.0148;;0.9241;0.1097;44.04;1.217
GFZ;9;3;2;1;;;;;;;;;;;;;;;;;;;0.1962;110.5;;0.0935;18.43;0.1512;0.10680;0.027;;0.1133;0.0577;0.0337;0.1304;;0.0174;;0.1779;2102;;0.0342;0.2708;;;0.0678;;8.757;;0.0207;0.0178;;0.0167;0.015;;0.9212;0.1122;43.52;1.739
GFZ;9;3;1;2;;;;;;;;;;;;;;;;;;;0.1945;111;;0.0971;19.36;0.1511;0.10330;0.0248;;0.1076;0.0412;0.0338;0.1329;;0.0178;;0.1674;2094;;0.033;0.2722;;;0.0661;;8.624;;0.021;0.0164;;0.0163;0.0151;;0.9031;0.1142;44.01;1.22
GFZ;9;3;2;2;;;;;;;;;;;;;;;;;;;0.1951;109.7;;0.0933;18.93;0.154;0.10550;0.0255;;0.1053;0.0537;0.0338;0.1296;;0.0184;;0.1777;2104;;0.0334;0.2754;;;0.0691;;8.773;;0.0204;0.0168;;0.0158;0.0151;;0.918;0.1124;43.79;1.746
Freiburg;10;1;1;1;41.1;0.04;1.38;8.79;4.21;0.12;38.93;1.25;0.09;0.01;0.01;8.87;;1.17;9.29;;4;;;110;2746;;21;;;;;;;;;;;;;2181;;;;;10;;;;;;;;;;39;;;43;12
Freiburg;10;1;2;1;41.2;0.04;1.38;8.8;;0.12;38.98;1.25;0.09;0.01;0.01;;;;9.31;;5;;;113;2749;;22;;;;;;;;;;;;;2254;;;;;9;;;;;;;;;;41;;;45;12
Freiburg;10;1;1;2;41.03;0.04;1.38;8.77;;0.12;38.87;1.25;0.1;0.01;0.01;;;;9.29;;5;;;110;2730;;22;;;;;;;;;;;;;2200;;;;;10;;;;;;;;;;40;;;44;12
Freiburg;10;1;2;2;41.1;0.04;1.38;8.8;;0.12;38.96;1.25;0.09;0.01;0.01;;;;9.31;;3;;;114;2733;;23;;;;;;;;;;;;;2271;;;;;10;;;;;;;;;;43;;;45;12
Freiburg;10;2;1;1;41.17;0.04;1.38;8.83;4.03;0.12;39.06;1.26;0.1;0.01;0.01;9.11;;1.062598016;9.25;;5;;;111;2757;;22;;;;;;;;;;;;;2202;;;;;9;;;;;;;;;;41;;;44;12
Freiburg;10;2;2;1;41.19;0.04;1.38;8.81;;0.12;38.99;1.25;0.09;0.01;0.01;;;;9.18;;1;;;110;2749;;22;;;;;;;;;;;;;2185;;;;;9;;;;;;;;;;40;;;43;12
Freiburg;10;2;1;2;41.15;0.04;1.38;8.82;;0.12;39.04;1.26;0.09;0.01;0.01;;;;9.25;;4;;;112;2752;;21;;;;;;;;;;;;;2220;;;;;10;;;;;;;;;;42;;;44;12
Freiburg;10;2;2;2;41.12;0.04;1.38;8.81;;0.12;38.94;1.25;0.09;0.01;0.01;;;;9.18;;4;;;110;2749;;21;;;;;;;;;;;;;2187;;;;;10;;;;;;;;;;41;;;44;12
Freiburg;10;3;1;1;41.14;0.04;1.37;8.79;4.41;0.12;38.93;1.25;0.09;0.01;0.01;8.94;;1.025956705;9.28;;4;;;111;2755;;21;;;;;;;;;;;;;2180;;;;;9;;;;;;;;;;41;;;44;12
Freiburg;10;3;2;1;41.09;0.04;1.38;8.78;;0.12;38.92;1.25;0.1;0.01;0.01;;;;9.26;;6;;;113;2755;;23;;;;;;;;;;;;;2249;;;;;10;;;;;;;;;;41;;;45;13
Freiburg;10;3;1;2;41.07;0.04;1.38;8.77;;0.12;38.85;1.25;0.1;0.01;0.01;;;;9.28;;6;;;111;2748;;21;;;;;;;;;;;;;2199;;;;;10;;;;;;;;;;40;;;44;12
Freiburg;10;3;2;2;41.07;0.04;1.38;8.78;;0.12;38.9;1.25;0.09;0.01;0.01;;;;9.26;;6;;;114;2742;;22;;;;;;;;;;;;;2270;;;;;11;;;;;;;;;;42;;;46;12
Graz;11;1;1;1;40.61;0.043;1.29;8.59;;0.118;38.18;1.2;0.066;;;;;;9.28;;;;;107.5;2651;;;;;;;;;;;;;;;2179;;;;;;;;;;;;;;;36.8;;;45.8;
Graz;11;1;2;1;40.49;0.042;1.31;8.58;;0.119;38.1;1.2;0.076;;;;;;9.28;;;;;101.5;2660;;;;;;;;;;;;;;;2181;;;;;;;;;;;;;;;32.2;;;45.3;
Graz;11;1;1;2;40.09;0.04;1.34;8.57;;0.12;38.15;1.21;0.07;;;;;;9.28;;;;;106.4;2659;;;;;;;;;;;;;;;2176;;;;;;;;;;;;;;;33.1;;;45.9;
Graz;11;1;2;2;40.11;0.04;1.33;8.57;;0.12;38.14;1.21;0.07;;;;;;9.28;;;;;104.4;2678;;;;;;;;;;;;;;;2177;;;;;;;;;;;;;;;38.2;;;46.2;
Graz;11;2;1;1;40.62;0.043;1.29;8.58;;0.119;38.2;1.2;0.064;;;;;;9.4;;;;;103.3;2659;;;;;;;;;;;;;;;2170;;;;;;;;;;;;;;;43.4;;;45.1;
Graz;11;2;2;1;40.58;0.044;1.31;8.59;;0.119;38.04;1.2;0.087;;;;;;9.4;;;;;104.3;2670;;;;;;;;;;;;;;;2185;;;;;;;;;;;;;;;43.2;;;45.7;
Graz;11;2;1;2;40.13;0.04;1.35;8.57;;0.12;38.1;1.21;0.07;;;;;;9.4;;;;;107.1;2668;;;;;;;;;;;;;;;2172;;;;;;;;;;;;;;;38.6;;;46.6;
Graz;11;2;2;2;40.02;0.04;1.34;8.58;;0.12;38.12;1.22;0.07;;;;;;9.4;;;;;108.6;2684;;;;;;;;;;;;;;;2195;;;;;;;;;;;;;;;35;;;49.3;
Graz;11;3;1;1;40.51;0.043;1.28;8.57;;0.118;38.11;1.2;0.069;;;;;;9.34;;;;;101.7;2647;;;;;;;;;;;;;;;2174;;;;;;;;;;;;;;;37.6;;;45.7;
Graz;11;3;2;1;40.51;0.043;1.3;8.58;;0.119;37.98;1.2;0.067;;;;;;9.34;;;;;103.9;2662;;;;;;;;;;;;;;;2167;;;;;;;;;;;;;;;43;;;44.8;
Graz;11;3;1;2;40.02;0.05;1.33;8.58;;0.12;38.17;1.22;0.07;;;;;;9.34;;;;;104.3;2647;;;;;;;;;;;;;;;2173;;;;;;;;;;;;;;;28.2;;;45.3;
Graz;11;3;2;2;40.1;0.04;1.34;8.57;;0.12;38.18;1.21;0.06;;;;;;9.34;;;;;103.3;2673;;;;;;;;;;;;;;;2172;;;;;;;;;;;;;;;44.8;;;45.2;
IGG;12;1;1;1;41.26;0.048;1.36;8.37;3.3;0.126;37.66;1.12;;0.01;0.01;;;;9.52;3.401976;4.351276;;0.141665;94.081532;2084.782175;0.090281;19.41519;0.164806;0.09721;0.02253;1.242793;0.096985;0.015429;0.035293;0.095199;1.45648;0.018983;0.022626;0.137629;1634.521943;0.152673;0.026217;0.20888;0.140378;7.263877;0.06537;1.706732;8.804355;;0.018521;0.004399;0.00132;0.016399;0.013967;35.004365;0.752128;0.109688;57.838209;0.453154
IGG;12;1;2;1;41.49;0.047;1.38;8.67;3.3;0.128;37.46;1.1;;0.01;0.01;;;;9.52;3.749095;4.041054;;0.209399;94.493324;2075.782293;0.105793;19.32055;0.152728;0.10283;0.024592;1.206864;0.108498;0.038731;0.034967;0.116244;0.784381;0.018529;0.049121;0.16529;1587.33242;0.413384;0.033844;0.216911;0.153953;7.74067;0.061758;1.860321;9.534102;;0.018975;0.013202;0.005105;0.016685;0.013599;37.573812;0.788387;0.128419;37.632837;0.538261
IGG;12;1;1;2;41.25;0.045;1.39;8.66;3.3;0.131;37.93;1.09;;0;0.01;;;;9.52;3.293285;4.358083;;0.123036;94.143995;2052.653914;0.093673;17.829187;0.140709;0.10410;0.024336;1.184668;0.107774;0.018173;0.034749;0.089009;1.546086;0.016849;0.016985;0.139246;1636.288914;0.128809;0.025121;0.189828;0.118155;7.338779;0.060848;0.054696;9.408692;;0.019191;0.00586;0.00246;0.014752;0.013938;34.25161;0.754312;0.1124;55.540726;0.376555
IGG;12;1;2;2;41.25;0.045;1.39;8.66;3.3;0.131;37.93;1.09;;0;0.01;;;;9.52;3.425429;4.156785;;0.184976;94.210375;2053.42129;0.103407;17.417579;0.146109;0.10716;0.026446;1.19676;0.105956;0.02379;0.033072;0.112359;0.829023;0.018393;0.041661;0.163616;1584.303754;0.369709;0.032339;0.209801;0.120171;7.663373;0.064795;0.041463;9.38459;;0.017914;0.014753;0.004073;0.016482;0.012797;36.795534;0.806691;0.107922;36.290991;0.48049
IGG;12;2;1;1;41.49;0.048;1.35;8.71;3.2;0.125;37.97;1.12;;0.01;0.01;;;;9.48;3.289375;4.483704;;0.137146;96.680485;1877.99534;0.098274;17.088204;0.164049;0.10755;0.02455;1.230889;0.101607;0.07067;0.03495;0.102974;1.48762;0.018746;0.035908;0.141626;1676.490648;0.291164;0.028807;0.19367;0.123004;7.467403;0.068542;0.03569;9.258007;;0.021036;0.008252;0.001576;0.017916;0.013338;33.375062;0.780259;0.115134;55.621066;3.145899
IGG;12;2;2;1;41.65;0.048;1.37;8.8;3.2;0.128;37.44;1.18;;0.01;0.01;;;;9.48;3.664375;4.229171;;0.202972;97.492349;2046.197007;0.10554;16.654596;0.140772;0.10958;0.022595;1.245864;0.116665;0.095322;0.035447;0.123748;0.867401;0.018012;0.127174;0.175923;1656.759297;0.549666;0.032599;0.220958;0.134625;7.94927;0.067253;0.06981;9.478433;;0.020428;0.01376;0.004157;0.017235;0.013208;36.720978;0.836783;0.11445;36.45437;3.861939
IGG;12;2;1;2;41.25;0.045;1.39;8.66;3.2;0.131;37.93;1.09;;0;0.01;;;;9.48;3.481779;4.654771;;0.138642;96.476813;1745.705236;0.093259;18.081779;0.158558;0.10560;0.021453;1.226567;0.102933;0.015568;0.034268;0.100174;1.519062;0.016743;0.023047;0.144861;1682.946976;0.166665;0.028062;0.20191;0.112448;7.570898;0.066097;0.037388;8.992386;;0.01838;0.008363;0.003493;0.016683;0.014881;33.962996;0.746987;0.120786;61.695156;0.390334
IGG;12;2;2;2;41.25;0.048;1.4;8.7;3.2;0.13;37.96;1.1;;0.01;0.01;;;;9.48;3.705958;4.391896;;0.206896;97.46075;1926.129997;0.102708;17.969967;0.161469;0.10689;0.027936;1.275926;0.118291;0.034125;0.034377;0.127284;0.837804;0.018054;0.043092;0.184107;1658.116081;0.391239;0.034791;0.214167;0.137985;8.000473;0.06631;0.043027;9.495087;;0.020393;0.014906;0.005978;0.016421;0.012944;36.97903;0.814998;0.112483;40.873188;0.471103
IGG;12;3;1;1;41.16;0.049;1.33;8.36;3.3;0.125;38.01;1.11;;0.01;0.01;;;;9.46;3.262469;4.661573;;0.144543;95.062508;1751.969536;0.09484;17.366234;0.154383;0.10822;0.024686;1.244149;0.11894;0.014323;0.033214;0.098335;1.472313;0.019737;0.019363;0.14545;1638.588284;0.217288;0.028955;0.194312;0.116442;7.496169;0.071175;0.072748;9.237386;;0.018936;0.008274;0.002835;0.015631;0.012517;32.218784;0.782993;0.125844;54.150301;0.424893
IGG;12;3;2;1;41.24;0.046;1.35;8.57;3.3;0.127;38.38;1.11;;0.01;0.01;;;;9.46;3.650388;4.399382;;0.199695;96.820601;1958.954456;0.10258;17.306134;0.154015;0.11330;0.026585;1.24731;0.116821;0.033757;0.036859;0.121432;0.878145;0.018095;0.041894;0.176835;1636.111064;0.433604;0.034521;0.207171;0.122328;8.077552;0.069123;0.08246;9.506123;;0.020209;0.014004;0.003027;0.017723;0.013086;35.56894;0.82181;0.109375;35.752613;0.509805
IGG;12;3;1;2;41.05;0.044;1.35;8.66;3.3;0.129;38.38;1.1;;0.01;0.01;;;;9.46;3.318817;4.999232;;0.238;93.074637;1746.429783;0.098804;18.059066;0.158962;0.10758;0.024481;1.200612;0.103827;0.031926;0.034433;0.163252;1.497284;0.019009;0.014769;0.150133;1620.380865;0.207662;0.026944;0.197452;0.126136;7.257509;0.072113;0.048993;8.429752;;0.020829;0.007308;0.004686;0.016498;0.01416;32.149069;0.786029;0.114507;54.008101;0.407125
IGG;12;3;2;2;40.49;0.045;1.34;8.59;3.3;0.13;38.31;1.09;;0.01;0.01;;;;9.46;3.395744;4.845329;;0.123493;93.459064;1564.5829;0.100844;16.172256;0.147525;0.09935;0.025992;1.142587;0.098632;0.015243;0.033631;0.093531;1.424165;0.015812;0.016544;0.141407;1621.710313;0.361541;0.026622;0.194279;0.132832;7.225657;0.054229;0.029695;8.768532;;0.020154;0.006649;0.002323;0.016724;0.012885;30.342486;0.743042;0.130386;50.733649;0.37665
HUK;13;1;1;1;39.796;0.0399;1.278;8.489;;0.114;38.113;1.181;0.153;0.004;0.0059;;;;9.2;;;;;;;;;;;;;;;;;;;;;;;;;;;;;;;;;;;;;;;;
HUK;13;1;2;1;39.774;0.0382;1.366;8.453;;0.114;37.95;1.188;0.094;0.0042;0.0063;;;;9.65;;;;;;;;;;;;;;;;;;;;;;;;;;;;;;;;;;;;;;;;
HUK;13;1;1;2;39.881;0.0415;1.275;8.504;;0.115;38.075;1.184;0.124;0.0033;0.0024;;;;9.2;;;;;;;;;;;;;;;;;;;;;;;;;;;;;;;;;;;;;;;;
HUK;13;1;2;2;39.919;0.0389;1.36;8.459;;0.112;37.931;1.186;0.091;0.0028;0.0039;;;;9.65;;;;;;;;;;;;;;;;;;;;;;;;;;;;;;;;;;;;;;;;
HUK;13;2;1;1;39.763;0.0396;1.272;8.455;;0.114;37.924;1.183;0.132;0.0022;0.0023;;;;9.16;;;;;;;;;;;;;;;;;;;;;;;;;;;;;;;;;;;;;;;;
HUK;13;2;2;1;39.503;0.0378;1.276;8.364;;0.112;37.511;1.164;0.075;0.0029;0.0009;;;;9.34;;;;;;;;;;;;;;;;;;;;;;;;;;;;;;;;;;;;;;;;
HUK;13;2;1;2;39.829;0.038;1.272;8.473;;0.115;37.928;1.174;0.118;0.0024;0.0033;;;;9.16;;;;;;;;;;;;;;;;;;;;;;;;;;;;;;;;;;;;;;;;
HUK;13;2;2;2;39.503;0.0386;1.266;8.361;;0.112;37.33;1.171;0.105;0.0033;0.0013;;;;9.34;;;;;;;;;;;;;;;;;;;;;;;;;;;;;;;;;;;;;;;;
HUK;13;3;1;1;39.262;0.0393;1.278;8.362;;0.113;37.493;1.196;0.103;0.0018;0.0032;;;;9.18;;;;;;;;;;;;;;;;;;;;;;;;;;;;;;;;;;;;;;;;
HUK;13;3;2;1;39.436;0.0383;1.273;8.396;;0.114;37.8;1.167;0.083;0.002;0.0022;;;;9.48;;;;;;;;;;;;;;;;;;;;;;;;;;;;;;;;;;;;;;;;
HUK;13;3;1;2;39.338;0.0405;1.269;8.385;;0.112;37.431;1.185;0.112;0.0026;0.0049;;;;9.18;;;;;;;;;;;;;;;;;;;;;;;;;;;;;;;;;;;;;;;;
HUK;13;3;2;2;39.426;0.0383;1.273;8.393;;0.113;37.681;1.168;0.064;0.0024;0.0013;;;;9.48;;;;;;;;;;;;;;;;;;;;;;;;;;;;;;;;;;;;;;;;
INETI;14;1;1;1;40.44;0.04;1.08;8.74;;0.12;38.19;1.19;;;;;;;9.69;4.7;16;;;104;2333;;22;0.14;;;;;0.284;;;;;;;2055;;;;;11;0.115;;8;;;0.034;;;;35;;0.192;42;
INETI;14;1;2;1;40.53;0.04;1.18;8.75;;0.12;38.13;1.2;;;;;;;9.71;;17;;;104;2330;;24;0.086;0.07500;;;;0.182;;;;;;;2053;;;;;10;0.125;;8;;;0.029;;;;39;;0.182;42;
INETI;14;1;1;2;40.54;0.04;1.09;8.77;;0.12;38.21;1.19;;;;;;;9.69;4.46;21;;;103;2346;;24;0.117;0.11800;;;;0.329;;;;;;;2059;;0.059;;;10;;;8;;;0.071;;;;36;;0.104;42;
INETI;14;1;2;2;40.51;0.04;1.193;8.77;;0.12;38.06;1.2;;;;;;;9.71;;18;;;104;2334;;23;0.113;0.11200;;;;0.261;;;;;;;2054;;0.057;;;10;;;8;;;0.074;;;;37;;0.094;42;
INETI;14;2;1;1;40.52;0.04;1.06;8.77;;0.12;38.23;1.19;;;;;;;9.67;5.41;18;;;103;2341;;23;0.123;0.07400;;;;0.301;;;;;;;2042;;;;;9;0.174;;8;;;0.05;;;0.05;37;;0.173;41;
INETI;14;2;2;1;40.54;0.04;1.12;8.73;;0.12;38.21;1.24;;;;;;;9.72;;20;;;104;2364;;24;0.135;;;;;0.276;;;;;;;2058;;;;;10;0.101;;8;;;0.027;;;0.062;37;;0.195;42;
INETI;14;2;1;2;40.56;0.04;1.06;8.78;;0.12;38.18;1.2;;;;;;;9.67;5.13;18;;;103;2348;;22;0.118;0.11300;;;;0.316;;;;;;;2052;;0.055;;;10;;;8;;;0.073;;;;37;;0.099;42;
INETI;14;2;2;2;40.52;0.04;1.11;8.75;;0.12;38.17;1.25;;;;;;;9.72;;21;;;104;2358;;23;0.101;0.11000;;;;0.29;;;;;;;2058;;0.062;;;9;;;7;;;0.074;;;;37;;0.103;42;
INETI;14;3;1;1;40.47;0.04;1.18;8.76;;0.12;38.17;1.2;;;;;;;9.67;4.56;17;;;104;2338;;23;0.081;0.08100;;;;0.276;;;;;;;2054;;;;;10;;;8;;;0.043;;;0.053;39;;0.187;42;
INETI;14;3;2;1;40.534;0.04;0.92;8.74;;0.12;38.31;1.19;;;;;;;9.71;;19;;;105;2345;;23;0.134;;;;;0.249;;;;;;;2053;;;;;9;0.103;;8;;;0.027;;;;39;;0.204;43;
INETI;14;3;1;2;40.5;0.04;1.12;8.73;;0.12;38.21;1.19;;;;;;;9.67;5.3;15;;;104;2352;;22;0.13;0.11000;;;;0.394;;;;;;;2063;;0.061;;;10;;;8;;;0.078;;;;38;;0.12;42;
INETI;14;3;2;2;40.543;0.04;1.033;8.75;;0.12;38.28;1.2;;;;;;;9.71;;18;;;105;2351;;24;0.11;0.11100;;;;0.336;;;;;;;2055;;0.059;;;11;0.097;;8;;;0.072;;;;40;;0.105;43;
IPEN;15;1;1;1;;;;8.74;;;;;;;;;;;;;;;;112;2700;;;;;;;;;;;;;;;;;;;;9.5;0.071;;;;;;;;;;;0.1;52;
IPEN;15;1;2;1;;;;8.82;;;;;;;;;;;;;;;;113;2744;;;;;;;;;;0.131;;0.04;;;;;;;;9.6;0.071;;;;;;;;;;;0.16;55;
IPEN;15;1;1;2;;;;8.79;;;;;;;;;;;;;;;;113;2740;;;;;;;;;;0.108;;0.023;;;;;;;;9.4;0.07;;;;;;;;;;;0.13;54;
IPEN;15;1;2;2;;;;8.71;;;;;;;;;;;;;;;;112;2731;;;;;;;;;;0.142;;0.014;;;;;;;;9.3;0.061;;;;;;;;;;;0.076;49;
IPEN;15;2;1;1;;;;8.79;;;;;;;;;;;;;;;;113;2743;;;;;;;;;;0.14;;0.028;;;;;;;;9.5;0.076;;;;;;;;;;;0.1;51;
IPEN;15;2;2;1;;;;8.59;;;;;;;;;;;;;;;;110;2609;;;;;;;;;;0.111;;0.02;;;;;;;;9.3;0.079;;;;;;;;;;;0.093;46;
IPEN;15;2;1;2;;;;8.65;;;;;;;;;;;;;;;;111;2704;;;;;;;;;;0.141;;0.016;;;;;;;;9.3;0.074;;;;;;;;;;;0.1;48;
IPEN;15;2;2;2;;;;9.05;;;;;;;;;;;;;;;;117;2823;;;;;;;;;;0.155;;0.02;;;;;;;;9.7;0.073;;;;;;;;;;;0.14;66;
IPEN;15;3;1;1;;;;8.86;;;;;;;;;;;;;;;;114;2758;;;;;;;;;;0.134;;0.016;;;;;;;;9.6;0.072;;;;;;;;;;;0.097;52;
IPEN;15;3;2;1;;;;8.71;;;;;;;;;;;;;;;;112;2668;;;;;;;;;;0.177;;0.025;;;;;;;;9.5;0.075;;;;;;;;;;;0.12;49;
IPEN;15;3;1;2;;;;8.52;;;;;;;;;;;;;;;;110;2666;;;;;;;;;;0.153;;0.031;;;;;;;;9.3;0.068;;;;;;;;;;;0.097;52;
IPEN;15;3;2;2;;;;8.71;;;;;;;;;;;;;;;;112;2727;;;;;;;;;;0.135;;0.015;;;;;;;;9.4;0.067;;;;;;;;;;;0.13;46;
KBSI;16;1;1;1;;0.032;1.37;8.9;;0.12;36.5;1.19;0.088;;;;;;;;5.83;;;106;2388;;17.7;0.16;0.11000;;;;;;0.12;;;;0.17;;;;;;7.91;0.072;;8.43;;;;;;;;0.74;0.11;41.8;
KBSI;16;1;2;1;;0.029;1.39;9.06;;0.12;36.9;1.23;0.1;;;;;;;;5.3;;;113;2526;;18.6;0.15;0.09100;;;;;;0.097;;;;0.15;;;;;;8.02;0.066;;7.95;;;;;;;;0.81;0.11;41.3;
KBSI;16;1;1;2;;0.043;1.41;9.36;;0.12;40.1;1.22;0.11;;;;;;;;6.04;;;109;2427;;19.3;0.17;0.12000;;;;;;0.13;;;;0.15;;;;;;8.1;0.053;;8.4;;;;;;;;0.8;0.13;41.8;
KBSI;16;1;2;2;;0.041;1.45;9.5;;0.13;38.7;1.16;0.1;;;;;;;;5.19;;;104;2560;;18.8;0.15;0.10000;;;;;;0.1;;;;0.15;;;;;;7.89;0.062;;7.79;;;;;;;;0.84;0.11;39.3;
KBSI;16;2;1;1;;0.041;1.4;8.96;;0.12;37.2;1.23;0.1;;;;;;;;5.9;;;108;2461;;17.5;0.17;0.11000;;;;;;0.1;;;;0.17;;;;;;7.86;0.051;;8.52;;;;;;;;0.82;0.12;42.1;
KBSI;16;2;2;1;;0.035;1.36;9.13;;0.12;36.9;1.22;0.11;;;;;;;;5.53;;;107;2390;;18.9;0.17;0.10000;;;;;;0.11;;;;0.14;;;;;;8.23;0.053;;8.36;;;;;;;;0.85;0.13;45.3;
KBSI;16;2;1;2;;0.038;1.39;9.81;;0.13;38.9;1.27;0.1;;;;;;;;5.66;;;110;2320;;17.3;0.15;0.10000;;;;;;0.12;;;;0.18;;;;;;7.94;0.049;;8.14;;;;;;;;0.78;0.12;39.7;
KBSI;16;2;2;2;;0.04;1.42;9.64;;0.13;39.2;1.28;0.1;;;;;;;;6.23;;;106;2486;;17.5;0.16;0.10000;;;;;;0.1;;;;0.16;;;;;;7.98;0.06;;8.55;;;;;;;;0.71;0.1;42.6;
KBSI;16;3;1;1;;0.033;1.38;9.1;;0.13;37.1;1.2;0.11;;;;;;;;5.87;;;109;2494;;18.3;0.15;0.11000;;;;;;0.12;;;;0.14;;;;;;8.11;0.052;;8.5;;;;;;;;0.78;0.14;41.5;
KBSI;16;3;2;1;;0.036;1.39;8.94;;0.13;36.2;1.18;0.12;;;;;;;;6.16;;;105;2474;;17.7;0.14;0.10000;;;;;;0.11;;;;0.13;;;;;;7.93;0.057;;8.33;;;;;;;;0.79;0.1;42;
KBSI;16;3;1;2;;0.041;1.44;9.25;;0.12;39.7;1.3;0.11;;;;;;;;5.89;;;107;2358;;17.9;0.16;0.10000;;;;;;0.1;;;;0.16;;;;;;8.16;0.053;;8.13;;;;;;;;0.8;0.12;40.6;
KBSI;16;3;2;2;;0.042;1.4;9.47;;0.13;38.3;1.29;0.11;;;;;;;;6.1;;;110;2523;;16.7;0.16;0.10000;;;;;;0.1;;;;0.13;;;;;;7.97;0.058;;8.41;;;;;;;;0.79;0.13;39.8;
Lapp;17;1;1;1;40.27;0.028;1.29;8.51;;0.119;38.61;1.2;0.09;;;;;;9.19;;;;;;2764;;;;;;;;;;;;;;;2137;;;;;;;;;;;;;;;;;;;
Lapp;17;1;2;1;40.26;0.028;1.29;8.52;;0.118;38.61;1.2;0.091;;;;;;9.19;;;;;;2761;;;;;;;;;;;;;;;2141;;;;;;;;;;;;;;;;;;;
Lapp;17;1;1;2;40.27;0.029;1.29;8.52;;0.118;38.59;1.2;0.093;;;;;;9.19;;;;;;2764;;;;;;;;;;;;;;;2133;;;;;;;;;;;;;;;;;;;
Lapp;17;1;2;2;40.26;0.027;1.28;8.53;;0.119;38.61;1.2;0.093;;;;;;9.19;;;;;;2768;;;;;;;;;;;;;;;2149;;;;;;;;;;;;;;;;;;;
Lapp;17;2;1;1;40.25;0.027;1.28;8.52;;0.118;38.59;1.2;0.094;;;;;;9.23;;;;;;2778;;;;;;;;;;;;;;;2130;;;;;;;;;;;;;;;;;;;
Lapp;17;2;2;1;40.29;0.028;1.29;8.53;;0.117;38.58;1.2;0.089;;;;;;9.18;;;;;;2764;;;;;;;;;;;;;;;2145;;;;;;;;;;;;;;;;;;;
Lapp;17;2;1;2;40.25;0.028;1.29;8.52;;0.118;38.58;1.2;0.093;;;;;;9.23;;;;;;2761;;;;;;;;;;;;;;;2114;;;;;;;;;;;;;;;;;;;
Lapp;17;2;2;2;40.28;0.027;1.28;8.54;;0.118;38.58;1.21;0.093;;;;;;9.18;;;;;;2761;;;;;;;;;;;;;;;2133;;;;;;;;;;;;;;;;;;;
Lapp;17;3;1;1;40.28;0.027;1.28;8.52;;0.118;38.59;1.2;0.091;;;;;;9.2;;;;;;2768;;;;;;;;;;;;;;;2149;;;;;;;;;;;;;;;;;;;
Lapp;17;3;2;1;40.27;0.026;1.29;8.53;;0.118;38.6;1.21;0.092;;;;;;9.18;;;;;;2768;;;;;;;;;;;;;;;2126;;;;;;;;;;;;;;;;;;;
Lapp;17;3;1;2;40.29;0.027;1.29;8.53;;0.118;38.56;1.21;0.091;;;;;;9.2;;;;;;2768;;;;;;;;;;;;;;;2141;;;;;;;;;;;;;;;;;;;
Lapp;17;3;2;2;40.26;0.029;1.29;8.53;;0.118;38.61;1.2;0.094;;;;;;9.18;;;;;;2764;;;;;;;;;;;;;;;2133;;;;;;;;;;;;;;;;;;;
LU;18;1;1;1;;0.031872768;;;;;;;;;;;;;;2.671668189;4.801095959;0.009983123;0.189829242;;1779.650819;0.095944596;18.71252329;0.152266542;0.10835;0.02603322;1.233238268;0.110628247;0.027231949;0.035515883;0.122831538;1.588036218;0.018411996;0.045679642;0.173145089;1993.539444;0.384283852;0.033860872;0.236579957;0.109544575;9.253726711;0.065226707;0.028323629;8.384043246;0.002295408;0.021432302;0.013280753;0.003449843;0.016913789;0.012550932;32.62826444;0.910369935;0.115849989;39.429574;0.489351282
LU;18;1;2;1;;0.028355155;;;;;;;;;;;;;;2.600965659;4.801664064;0.009479782;0.189517302;107.755946;1794.399067;0.096513189;19.05790956;0.151110575;0.10758;0.026065979;1.249856629;0.111686892;0.025556661;0.035918699;0.122111883;1.584851847;0.018733528;0.044344206;0.169429868;1869.785473;0.381537415;0.034428213;0.232472141;0.112187956;9.193377447;0.064974575;0.025951654;8.361557842;0.002228995;0.021250827;0.01321121;0.003589859;0.017201089;0.012433212;31.57661161;0.910521823;0.116984178;39.25548663;0.460889658
LU;18;1;1;2;;0.032439568;;;;;;;;;;;;;;2.727450474;4.816525924;0.010929846;0.23618033;;2113.812562;0.096255453;18.41764207;0.151884842;0.10684;0.026529908;1.259477484;0.11062609;0.027625456;0.035515161;0.147692408;1.598948435;0.018773819;0.048718057;0.194301157;2005.981465;0.391462018;0.038899017;0.236456251;0.110747509;9.275144058;0.069542636;0.032388833;8.362066664;0.002677947;0.021245786;0.01484565;0.003621241;0.017092588;0.01257873;35.17766249;0.914041851;0.11615974;42.66578753;0.493156481
LU;18;1;2;2;;0.029322211;;;;;;;;;;;;;;2.701064056;4.815678951;0.011184254;0.238616791;107.7413827;2136.563045;0.096880706;20.17663452;0.151973454;0.10910;0.026553537;1.26739488;0.109806199;0.026990874;0.035635821;0.150261622;1.629624787;0.0188575;0.04773892;0.191909242;1881.988968;0.394012405;0.039249576;0.237589721;0.11178151;9.32879879;0.068083205;0.055582109;8.345965771;0.002735213;0.02140794;0.014863296;0.00371628;0.017384439;0.012976928;34.47859484;0.914292465;0.115313784;42.74027007;0.46231967
LU;18;2;1;1;;0.030879798;;;;;;;;;;;;;;2.537997104;4.673918353;0.009641878;0.185346241;;1317.793847;0.092618858;18.53609266;0.146114285;0.10627;0.025452157;1.181716136;0.109206485;0.025879856;0.034254903;0.119962491;1.553503055;0.018248379;0.04289707;0.169178251;1956.661002;0.3687341;0.032571081;0.227251514;0.105970834;9.091872503;0.065133154;0.02989168;8.132151387;0.002220497;0.020935893;0.012522333;0.003469883;0.016745853;0.012294613;29.01521728;0.883757009;0.113655951;35.12540866;0.422335166
LU;18;2;2;1;;0.028525236;;;;;;;;;;;;;;2.585574169;4.835533779;0.01003893;0.193670003;106.6249622;1353.955376;0.096111369;20.44600266;0.151091549;0.10989;0.025900371;1.226733655;0.111425399;0.026285265;0.036075099;0.123333775;1.606656799;0.018630486;0.043833146;0.174113799;1873.535301;0.37827958;0.03392667;0.234626339;0.112497736;9.292430589;0.067136334;0.038114625;8.364128638;0.002328965;0.021352187;0.013222296;0.003617274;0.017268474;0.012405977;28.98363113;0.91662148;0.115922359;37.09373909;0.444284759
LU;18;2;1;2;;0.03063494;;;;;;;;;;;;;;2.530673579;4.702581841;0.009466679;0.199831604;;1436.502799;0.092924733;17.28776157;0.143817451;0.10472;0.025600928;1.176787537;0.109437398;0.026049773;0.034590741;0.126914747;1.549069948;0.018420036;0.048753197;0.173170719;1928.995179;0.411144969;0.034795101;0.225517407;0.110168404;8.943623697;0.064692172;0.034794203;8.027064983;0.002432679;0.02083419;0.013496827;0.003173979;0.016836938;0.012604157;30.2917516;0.880505859;0.114591586;36.12726041;0.485715011
LU;18;2;2;2;;0.027547042;;;;;;;;;;;;;;2.569101674;4.723167137;0.010116997;0.203418197;104.6700431;1469.87189;0.094691549;18.88391597;0.149252357;0.10734;0.025681769;1.217640015;0.107222594;0.02673967;0.035245242;0.129112874;1.594578651;0.018291563;0.049272179;0.175927606;1837.531763;0.41214951;0.03533712;0.232950537;0.111722469;9.118641212;0.06480871;0.027767258;8.101486495;0.002484057;0.021160352;0.013673865;0.003399928;0.017085571;0.012490315;29.6088027;0.886330909;0.115425978;36.75612677;0.452063463
LU;18;3;1;1;;0.032319411;;;;;;;;;;;;;;2.704967401;4.852904068;0.009013033;0.187658291;;1497.477384;0.095585929;19.76462298;0.14974217;0.10596;0.025648411;1.207645026;0.107969309;0.025694128;0.034949486;0.119832583;1.577383043;0.018509565;0.046389021;0.168864995;2006.142237;0.401204517;0.033549809;0.230820973;0.112241085;9.267613876;0.065815195;0.040276954;8.284174214;0.002337666;0.021191523;0.012957105;0.003277621;0.016898144;0.012377594;30.65859529;0.897888229;0.115187695;37.2158054;0.421700591
LU;18;3;2;1;;0.029226396;;;;;;;;;;;;;;2.672938537;4.94564052;0.00841027;0.191257822;108.1862548;1516.780735;0.096091111;20.28586591;0.152937176;0.10901;0.026148636;1.225750205;0.109322393;0.026221855;0.035423614;0.122628263;1.615241829;0.018591626;0.045936235;0.172719292;1906.754952;0.403696371;0.033624713;0.235062066;0.117992279;9.377500238;0.066834367;0.038874131;8.34178969;0.002413971;0.021409128;0.013303686;0.003515344;0.017527618;0.012571427;30.09937822;0.917316068;0.117207812;37.52727751;0.433804523
LU;18;3;1;2;;0.031538719;;;;;;;;;;;;;;2.527666484;4.618737563;0.009867341;0.202032086;;1496.014216;0.092676253;18.72905974;0.146773623;0.10380;0.025635688;1.179729117;0.106881974;0.025166435;0.03456797;0.123951622;1.576981082;0.017838658;0.04583977;0.175851796;1919.617285;0.35805887;0.034498737;0.229260662;0.106963501;8.95634771;0.065580475;0.032901598;8.009549239;0.003213202;0.020513148;0.013165871;0.003830732;0.016684482;0.012184947;30.43713314;0.883004401;0.11284005;36.77253995;0.424135869
LU;18;3;2;2;;0.028756364;;;;;;;;;;;;;;2.583411723;4.719114536;0.010712998;0.207434545;105.4676195;1540.668192;0.094681736;20.09085865;0.148959207;0.10641;0.026152443;1.207592127;0.109325837;0.027378823;0.035583643;0.128645942;1.566351566;0.018483107;0.046640924;0.180482291;1852.419996;0.362252592;0.035857275;0.234722504;0.10579398;9.149406357;0.067545295;0.028202939;8.254624623;0.003314537;0.02120362;0.013354595;0.003780668;0.016927931;0.012715254;30.23501962;0.895629766;0.113874128;36.96049014;0.508186844
LMTG;19;1;1;1;;0.0365;;;;0.1235;;;;;;;;;;;;;0.1914;;;0.0973;;0.156100224;0.10700;0.0243;;0.0992;;0.0294;0.1259;;0.0147;;0.1644;;;0.0332;0.2725;;;0.0715;;8.1579;;0.0168;;;0.0158;;;0.895;0.1098;;
LMTG;19;1;2;1;;0.0359;;;;0.1241;;;;;;;;;;;;;0.184;;;0.0982;;0.1486;0.10090;0.0226;;0.0969;;0.029;0.1199;;0.0147;;0.1695;;;0.0327;0.2511;;;0.0606;;8.0206;;0.0185;;;0.0167;;;0.8726;0.1166;;
LMTG;19;1;1;2;;0.0311;;;;0.1196;;;;;;;;;;;;;0.192;;;0.0958;;0.157;0.11070;0.0217;;0.0935;;0.0263;0.1241;;0.0155;;0.163;;;0.0305;0.2725;;;0.0741;;8.0217;;0.0172;;;0.01488;;;0.8594;0.1066;;
LMTG;19;1;2;2;;0.0346;;;;0.1195;;;;;;;;;;;;;0.1878;;;0.095;;0.1626;0.11090;0.0227;;0.0955;;0.0288926;0.1221;;0.0161;;0.1633;;;0.0285;0.3132;;;0.068;;8.5145;;0.0165;;;0.0137;;;0.8991;0.1113;;
LMTG;19;2;1;1;;0.0369;;;;0.1259;;;;;;;;;;;;;0.1765;;;0.0967;;0.1397;0.11330;0.0262;;0.0887;;0.0324;0.1156;;0.0142;;0.1649;;;0.033;0.2431;;;0.0674;;8.1955;;0.0183;;;0.0151;;;0.8223;0.1097;;
LMTG;19;2;2;1;;0.0347;;;;0.1241;;;;;;;;;;;;;0.1738;;;0.0966;;0.1512;0.10830;0.0226;;0.0893;;0.0318;0.1175;;0.0153;;0.1592;;;0.0315;0.2416;;;0.0675;;;;0.018;;;0.0154;;;0.8531;0.1046;;
LMTG;19;2;1;2;;0.0348;;;;0.1214;;;;;;;;;;;;;0.1861;;;0.0974;;0.1443;0.11340;0.0195;;0.104;;0.0298;0.1272;;0.0137;;0.1543;;;0.0303;0.2323;;;0.0622;;8.3231;;0.0188;;;0.0153;;;0.893;0.1167;;
LMTG;19;2;2;2;;0.0327;;;;0.1192;;;;;;;;;;;;;0.2038;;;0.0958;;0.1392;0.11220;0.0256;;0.0922;;0.0274;0.1199;;0.0156;;0.1557;;;0.0316;0.275;;;0.0732;;8.4568;;0.019;;;0.0147;;;0.9134;0.1062;;
LMTG;19;3;1;1;;0.0347;;;;0.1148;;;;;;;;;;;;;0.1881;;;0.0945;;0.1452;0.10540;0.0262;;0.0866;;0.0317;0.1242;;0.0174;;0.1573;;;0.0327;0.2268;;;0.0635;;8.06;;0.0204;;;0.0156;;;0.8896;0.1163;;
LMTG;19;3;2;1;;0.0355;;;;0.1162;;;;;;;;;;;;;0.1861;;;0.0951;;0.1447;0.11200;0.0252;;0.0955;;0.0331;0.1177;;0.016;;0.1461;;;0.0312;0.228;;;0.0665;;8.1646;;0.0198;;;0.0151;;;0.8718;0.1132;;
LMTG;19;3;1;2;;0.0289;;;;0.116;;;;;;;;;;;;;0.1726;;;0.094;;0.1537;0.10670;0.0242;;0.104;;0.0314;0.1271;;0.0145;;0.1661;;;0.0325;0.2363;;;0.06;;8.2277;;0.0197;;;0.0152;;;0.8874;0.1071;;
LMTG;19;3;2;2;;0.0343;;;;0.1158;;;;;;;;;;;;;0.1953;;;0.0941;;0.1387;0.12040;0.0226;;0.1121;;0.0283;0.1294;;0.0149;;0.1675;;;0.0312;0.2523;;;0.0588;;8.6053;;0.0169;;;0.0137;;;0.8782;0.1124;;
Montpellier;20;1;1;1;;;;;;;;;;;;;;;;;5.132;;0.194;;;0.1;;0.158;0.10580;0.027;;0.109;0.027;0.035;0.134;;0.0199;0.073;0.174;;0.686;0.032;0.229;;;0.059;;8.571;0.01;0.0209;0.016;;0.016;0.012;;0.975;0.115;;0.654
Montpellier;20;1;2;1;;;;;;;;;;;;;;;;;4.862;;0.198;;;0.101;;0.16;0.10650;0.026;;0.11;0.024;0.036;0.141;;0.0201;0.066;0.172;;0.455;0.033;0.2286;;;0.064;;8.518;0.04;0.0211;0.015;;0.017;0.013;;1.006;0.1146;;0.485
Montpellier;20;1;1;2;;;;;;;;;;;;;;;;;5.233;;0.198;;;0.0992;;0.168;0.11090;0.028;;0.115;0.026;0.036;0.135;;0.0212;0.12;0.175;;0.682;0.0334;0.2422;;;0.066;;9.064;0.013;0.0215;0.017;;0.01672;0.0126;;1.04;0.119;;0.571
Montpellier;20;1;2;2;;;;;;;;;;;;;;;;;4.974;;0.197;;;0.0988;;0.164;0.11080;0.027;;0.113;0.025;0.037;0.142;;0.0211;0.074;0.178;;0.466;0.0333;0.2419;;;0.067;;8.977;0.004;0.0218;0.016;;0.01674;0.0135;;1.051;0.118;;0.513
Montpellier;20;2;1;1;;;;;;;;;;;;;;;;;4.858;;0.182;;;0.096;;0.152;0.10200;0.026;;0.106;0.0229;0.0349;0.14;;0.0188;0.063;0.161;;0.525;0.031;0.214;;;0.062;;8.068;0.004;0.02;0.014;;0.0155;0.012;;0.945;0.104;;0.479
Montpellier;20;2;2;1;;;;;;;;;;;;;;;;;4.84;;0.198;;;0.099;;0.155;0.10500;0.025;;0.107;0.0235;0.035;0.134;;0.0192;0.07;0.172;;0.515;0.033;0.22;;;0.061;;8.261;0.005;0.0205;0.017;;0.0161;0.013;;0.968;0.11;;0.502
Montpellier;20;2;1;2;;;;;;;;;;;;;;;;;4.976;;0.189;;;0.101;;0.164;0.11200;0.027;;0.115;0.025;0.037;0.141;;0.021;0.075;0.174;;0.515;0.032;0.24;;;0.062;;8.866;0.004;0.022;0.014;;0.017;0.01301;;1.051;0.119;;0.501
Montpellier;20;2;2;2;;;;;;;;;;;;;;;;;5.013;;0.2;;;0.0998;;0.165;0.11120;0.027;;0.108;0.0249;0.0366;0.136;;0.0202;0.074;0.179;;0.506;0.0338;0.2275;;;0.0648;;8.582;0.0053;0.0215;0.017;;0.0171;0.0138;;0.997;0.1181;;0.516
Montpellier;20;3;1;1;;;;;;;;;;;;;;;;;4.94;;0.198;;;0.0971;;0.159;0.10500;0.0268;;0.107;0.0216;0.0351;0.144;;0.0193;0.068;0.173;;0.504;0.033;0.228;;;0.0636;;8.214;0.004;0.0209;0.022;;0.0158;0.016;;0.969;0.11;;0.455
Montpellier;20;3;2;1;;;;;;;;;;;;;;;;;4.821;;0.207;;;0.0972;;0.156;0.10700;0.0281;;0.111;0.0229;0.0357;0.15;;0.0197;0.063;0.177;;0.473;0.034;0.221;;;0.0644;;9.689;0.003;0.0214;0.016;;0.016;0.013;;0.98;0.112;;0.464
Montpellier;20;3;1;2;;;;;;;;;;;;;;;;;5.011;;0.201;;;0.102;;0.161;0.11180;0.0274;;0.111;0.0235;0.0364;0.143;;0.0206;0.072;0.176;;0.489;0.0334;0.2338;;;0.0652;;8.76;0.0037;0.0217;0.022;;0.0172;0.0163;;1.013;0.1185;;0.479
Montpellier;20;3;2;2;;;;;;;;;;;;;;;;;5.002;;0.211;;;0.103;;0.167;0.11070;0.0275;;0.112;0.0251;0.0368;0.149;;0.0204;0.069;0.183;;0.468;0.0347;0.2356;;;0.069;;9.814;0.0035;0.0211;0.017;;0.0165;0.014;;1.029;0.1201;;0.507
MUL;21;1;1;1;40.3392043;0.035579878;1.331498108;8.631858486;;0.118359391;38.44707541;1.211066977;0.141058452;0.009277791;0.005944992;;0.699844479;;9.283911946;;3.6;;0.2587;106.289255;2736.047559;;21.265;0.17865;0.11695;0.03032;;0.12125;;0.03981;0.1735;;0.0201;;0.2749;2125.15457;;0.05465;0.3393;;8.5;0.083105;;9.853;;0.0259;0.0118;;0.01873;0.01286;37;1.089;0.12415;40.3;
MUL;21;1;2;1;40.35451024;0.036392096;1.319483705;8.633123895;;0.117733834;38.47491255;1.208145511;0.136920756;0.009818659;0.004053575;;0.717360115;;9.265358247;;3.8;;0.185137795;106.3838241;2728.326219;;20.74311024;0.161318898;0.11373;0.02816437;;0.11628937;;0.042106299;0.156003937;;0.019419291;;0.183120079;2130.468945;;0.036318898;0.314566929;;8.4;0.076515748;;9.073818898;;0.026200787;0.011574803;;0.018110236;0.013464567;37;1.024606299;0.122588583;41.4;
MUL;21;1;1;2;40.50705537;0.03732449;1.385503075;8.589579434;;0.11754966;38.25634362;1.209133615;0.156223229;0.023204141;0.005935943;;;;9.283911946;;5.1;;0.305;107.9262376;2704.991268;;20.01;0.1778;0.11165;0.029125;;0.12225;0.04642;0.038;0.2163;;0.01911;0.1356;0.2762;2126.956327;;0.05346;0.316;;7.6;0.079365;;8.533;0.0734;0.02645;0.01534;;0.01856;0.01414;37.7;1.023;0.1175;40.8;
MUL;21;1;2;2;40.44285917;0.037718738;1.362375614;8.607163974;;0.117207153;38.34249259;1.208349932;0.154475787;0.020254692;0.006211439;;;;9.265358247;;5.7;;0.208169291;108.4751298;2743.295524;;19.2765748;0.16496063;0.10930;0.028016732;;0.11382874;0.065098425;0.040442913;0.198720472;;0.019330709;0.256200787;0.186614173;2122.061606;;0.036427165;0.247637795;;8;0.068690945;;7.978346457;0.051417323;0.026653543;0.015167323;;0.017224409;0.013159449;36.9;1.01476378;0.120718504;40.9;
MUL;21;2;1;1;40.48873704;0.038381528;1.381555243;8.59063095;;0.117032201;38.27474308;1.208523763;0.151099178;0.023999691;0.005483075;;0.72343846;;9.297008954;;3.9;;0.178325991;107.1446877;2711.066213;;18.77973568;0.156784141;0.11141;0.030290749;;0.10753304;;0.03676652;0.095594714;;0.019418502;;0.175903084;2127.163619;;0.035189427;0.349779736;;7.8;0.070881057;;10.43171806;;0.021101322;0.010484581;;0.018044053;0.014960352;35.6;1.020264317;0.122422907;40.8;
MUL;21;2;2;1;40.44596406;0.037941044;1.368491102;8.613968821;;0.117878588;38.30801777;1.207534559;0.149961751;0.019826674;0.006038123;;0.718940509;;9.278394173;;4.9;;0.166513761;107.3344026;2742.659843;;18.5;0.158715596;0.11197;0.030793578;;0.112110092;;0.037477064;0.113119266;;0.01940367;;0.173990826;2120.102284;;0.035651376;0.293119266;;8;0.074972477;;9.080733945;;0.021174312;0.010972477;;0.017266055;0.011853211;36.1;1.012844037;0.122568807;40.6;
MUL;21;2;1;2;40.44285917;0.037718738;1.362375614;8.607163974;;0.117207153;38.34249259;1.208349932;0.154475787;0.020254692;0.006211439;;;;9.265358247;;5.7;;0.187929515;108.4751298;2743.295524;;16.97797357;0.155242291;0.10617;0.027704846;;0.11030837;0.032132159;0.03460793;0.125286344;;0.018660793;0.025480176;0.174140969;2122.061606;;0.032951542;0.25277533;;8;0.06614978;;8.753303965;0.003994714;0.0210837;0.013101322;;0.017039648;0.014440529;36.9;0.958590308;0.115286344;40.9;
MUL;21;2;2;2;40.3852785;0.037481663;1.313386236;8.622220647;;0.118107686;38.43614214;1.205705104;0.144353839;0.010246786;0.005572813;;;;9.297008954;;5.2;;0.181834862;108.6698576;2735.891751;;17.39449541;0.16146789;0.10876;0.029889908;;0.111834862;0.050614679;0.03706422;0.151743119;;0.019027523;0.242568807;0.173715596;2124.590095;;0.033018349;0.216055046;;8.6;0.079486239;;8.52293578;0.009192661;0.022513761;0.014155963;;0.017422018;0.012559633;36.7;0.991743119;0.119724771;40.9;
MUL;21;3;1;1;40.31149081;0.036403304;1.318069259;8.627493164;;0.118108497;38.4578885;1.208499808;0.135905668;0.01051651;0.003505503;;0.729302887;;9.34285859;;4.8;;0.168380213;108.4009497;2743.011428;;18.46750727;0.157807953;0.11145;0.028612997;;0.113530553;0.049903007;0.036508244;0.1;;0.01971872;0.06643065;0.181183317;2127.391109;;0.036653734;0.550048497;;7.8;0.072298739;;10.84384093;0.014015519;0.019951503;0.011901067;;0.017681862;0.012453928;37.3;0.976721629;0.120126091;40.4;
MUL;21;3;2;1;40.61900738;0.039300753;1.335408728;8.698990234;;0.118809898;38.83812961;1.221409315;0.148398917;0.009711733;0.007351873;;0.772880693;;9.31722948;;4.2;;0.159737828;107.3736509;2763.850416;;19.3258427;0.155243446;0.10875;0.028412921;;0.115777154;0.066460674;0.037134831;0.095131086;;0.019166667;0.057462547;0.175655431;2147.745309;;0.034812734;0.453838951;;7.7;0.072851124;;9.625468165;0.0087397;0.021132959;0.012284644;;0.017687266;0.013080524;37.5;0.971910112;0.117696629;40.5;
MUL;21;3;1;2;40.57183957;0.038104398;1.335740611;8.697782542;;0.119121607;38.72441132;1.219068572;0.139171779;0.010251898;0.008255953;;;;9.34285859;;4.6;;0.184093113;109.9584066;2757.306843;;16.22211445;0.157080504;0.10645;0.026799224;;0.111542192;0.034025218;0.035227934;0.133074685;;0.018942774;0.031939864;0.173084384;2149.541689;;0.033617847;0.321338506;;8.1;0.069258002;;9.709020369;0.013113482;0.021454898;0.01071775;;0.016847721;0.012754607;37.1;0.974781765;0.115809893;40.6;
MUL;21;3;2;2;40.73779832;0.036307632;1.330311631;8.700125513;;0.118998263;38.79506771;1.217122589;0.142779762;0.00989383;0.008259986;;;;9.31722948;;1.6;;0.174344569;108.4690502;2745.038506;;17.20505618;0.157303371;0.10665;0.026488764;;0.110627341;0.054653558;0.035243446;0.130805243;;0.018932584;0.022134831;0.171582397;2147.868731;;0.034531835;0.232397004;;6.8;0.068305243;;8.828651685;0.007839888;0.021170412;0.011367041;;0.016975655;0.012537453;35.2;0.97659176;0.114419476;41.2;
NWU;22;1;1;1;39.94;0.02;1.34;8.62;;0.11;38.36;1.19;0.03;0.01;0.01;;;;9.58;;5.418002992;0.013874684;0.222776136;104.7563865;2716.78052;0.103039874;19.15654091;0.157134554;0.11510;0.026132229;1.510316934;0.110544177;0.034186203;0.040093899;0.160982643;1.671914488;0.022702412;0.071990739;0.181497901;1950.895536;0.499376632;0.03718955;0.279645693;;9.52026843;0.075291718;;8.598473963;0.008253664;0.021710856;0.01641855;;0.017946512;0.014977975;42.46308126;1.04752067;0.123476678;47.69194224;0.627109848
NWU;22;1;2;1;39.96;0.02;1.34;8.61;;0.11;38.34;1.19;0.03;0.01;0.01;;;;9.56;;5.357038182;0.011871149;0.206596037;102.6080803;2712.912918;0.105027048;18.33894741;0.165507228;0.12226;0.029495522;1.544017071;0.110398231;0.031927131;0.04061696;0.141188796;1.755001918;0.021622905;0.05952244;0.183860342;1899.374877;0.449251915;0.03635351;0.457535935;;10.03169212;0.075121841;;8.940729555;0.006590573;0.022679365;0.015834508;;0.01848076;0.013990506;43.01708056;1.086177587;0.128581246;42.5534573;0.583266015
NWU;22;1;1;2;39.93;0.03;1.35;8.61;;0.11;38.28;1.19;0.04;0.01;0.01;;;;9.56;;5.569340249;0.010821084;0.205652921;103.9691213;2695.736435;0.108791794;18.97125557;0.163434069;0.11574;0.028359744;1.57209429;0.112320933;0.033749058;0.040737022;0.140913861;1.793824841;0.021525453;0.057100596;0.19397051;1916.670497;0.458229839;0.036722798;0.390154175;;10.17209362;0.076427155;;8.79488095;0.005968045;0.023108678;0.015353574;;0.018512849;0.014582657;43.44564348;1.081413823;0.1241087;41.87491537;0.61748292
NWU;22;1;2;2;39.92;0.02;1.36;8.62;;0.11;38.31;1.2;0.03;0.01;0.01;;;;9.55;;5.045532763;0.013014168;0.248838578;102.3943565;2660.741604;0.102140246;18.50490367;0.163115802;0.11611;0.02983107;1.391125169;0.114832415;0.034706866;0.040362334;0.173885715;1.771611644;0.021754893;0.055478226;0.191906233;1857.616697;0.469785381;0.039796457;0.491743347;;9.431250615;0.073618617;;8.68745165;0.010035371;0.022830768;0.016689091;;0.01879745;0.014347963;42.12253824;1.03751923;0.124029054;40.79259962;0.780871049
NWU;22;2;1;1;39.96;0.03;1.36;8.63;;0.11;38.4;1.18;0.03;0.01;0.01;;;;9.55;;5.15475662;0.010064841;0.218992648;102.956186;2705.525286;0.105903593;20.22365586;0.1609138;0.11601;0.028913332;1.546639961;0.105600845;0.03173844;0.039932527;0.148288742;1.754571855;0.021302877;0.051194528;0.189484843;1908.761492;0.449940747;0.037471676;0.338245227;;10.12580805;0.074346276;;8.723829088;0.004564392;0.022618145;0.016040125;;0.019139834;0.014302338;42.50254529;1.055210497;0.120199117;41.50145664;0.546744024
NWU;22;2;2;1;39.89;0.03;1.35;8.63;;0.11;38.38;1.19;0.03;0.01;0.01;;;;9.54;;5.352151538;0.011846559;0.209167108;104.4154405;2804.686951;0.104230013;17.36787516;0.168093802;0.11438;0.028396788;1.576955909;0.10223828;0.032943834;0.04000758;0.139083983;1.790556643;0.02161764;0.055062661;0.183208263;1923.395595;0.515552133;0.034945114;0.346630103;;10.24320143;0.082470008;;8.943070928;0.005449264;0.02328847;0.016180793;;0.01888549;0.013623938;44.09096828;1.078275153;0.125346701;43.01773343;0.566456374
NWU;22;2;1;2;39.91;0.03;1.36;8.64;;0.11;38.34;1.19;0.04;0.01;0.01;;;;9.56;;5.376173955;0.012980426;0.217973949;103.6364976;2663.087898;0.102851556;18.14047866;0.171458726;0.11906;0.030046844;1.396867329;0.121056734;0.039970794;0.040980312;0.145623307;1.783712128;0.021669773;0.060729768;0.188484778;1876.724018;0.583263376;0.037172983;0.393747295;;9.554749857;0.076681497;;8.780016073;0.006435905;0.023911897;0.018504984;;0.019583144;0.01477461;42.51006776;1.062069218;0.130879632;41.72454302;0.652756777
NWU;22;2;2;2;39.88;0.02;1.36;8.63;;0.11;38.31;1.19;0.03;0.01;0.02;;;;9.58;;5.128703688;0.013537558;0.206098848;104.630528;2645.453594;0.102263324;17.44734293;0.165545277;0.11461;0.028665726;1.407381539;0.112983653;0.034407344;0.040130013;0.136220296;1.761750271;0.021166657;0.057438056;0.186849931;1900.464488;0.643240043;0.036682585;0.413286738;;9.498451908;0.072974098;;8.515052726;0.007726689;0.023292687;0.016785833;;0.019501211;0.014740057;41.85242967;1.025359001;0.12724863;41.70397153;0.653669761
NWU;22;3;1;1;39.95;0.02;1.36;8.62;;0.11;38.37;1.19;0.03;0.01;0.01;;;;9.59;;5.230590496;0.010886353;0.206962181;102.3256439;2591.423275;0.102631161;19.52768981;0.170769372;0.11813;0.029007514;1.542656795;0.107869112;0.035373938;0.03863187;0.142031653;1.633949255;0.02113026;0.058392566;0.176322278;1949.148691;0.513139889;0.035549325;0.36226902;;9.455288245;0.076056867;;8.6476029;0.004558711;0.022681151;0.015338909;;0.019011047;0.015477833;41.4041147;1.035944131;0.123087114;41.79460316;0.586339872
NWU;22;3;2;1;40.03;0.02;1.36;8.64;;0.11;38.44;1.19;0.03;0.01;0.01;;;;9.58;;5.324584333;0.011277853;0.201417693;102.8887732;2766.997664;0.104547785;18.0807453;0.160957992;0.11196;0.027890357;1.591413356;0.110035098;0.03826615;0.038661454;0.135779054;1.765429268;0.020867907;0.059299459;0.177266021;1914.267976;0.603264033;0.035322822;0.369281597;;10.35312971;0.068703848;;8.751543994;0.005514153;0.021290865;0.014499182;;0.018285993;0.016580501;43.62323535;1.054646388;0.12560238;42.14666602;0.692833575
NWU;22;3;1;2;39.96;0.03;1.35;8.62;;0.11;38.35;1.19;0.03;0.01;0.01;;;;9.57;;4.950465015;0.011323918;0.193279854;102.3730209;2743.020274;0.099838134;19.19076093;0.161601844;0.11514;0.028657986;1.390475119;0.114482915;0.033129852;0.039686405;0.132545655;1.738154212;0.021369861;0.061174347;0.175575945;1933.903678;0.447347737;0.035734566;0.362290319;;9.508244127;0.072990182;;8.430261846;0.005776019;0.022202842;0.016463782;;0.018155057;0.015247236;42.17486449;1.007621437;0.122822189;40.15446158;0.647078175
NWU;22;3;2;2;39.93;0.03;1.35;8.64;;0.11;38.35;1.19;0.04;0.01;0.01;;;;9.58;;4.907839144;0.011145434;0.211210231;102.7790198;2668.271905;0.101275208;17.89741078;0.162223999;0.11413;0.027141631;1.391157824;0.114260442;0.038036331;0.03877871;0.148608777;1.762007554;0.02164186;0.050837173;0.18191139;1886.767981;0.474828615;0.036033293;0.29706584;;9.263274974;0.071375786;;8.28461471;0.006401315;0.022464078;0.015829107;;0.018707821;0.014258792;41.51555658;1.004642154;0.121949145;41.6804033;0.828426014
OGL;23;1;1;1;40.4202;0.0627;1.3051;8.5081;;0.1255;38.4452;1.232;;;;9.69;1.2;;9.25;;;;0.224;116.275;2613.99;0.099;19.046;0.157;0.11300;0.026;1.296;0.112;;0.036;0.133;;0.019;;0.176;2239.39;;0.035;0.272;;10.383;0.063;;8.522;;0.023;;;0.018;;;0.933;0.12;45.586;
OGL;23;1;2;1;40.4379;0.0541;1.3103;8.5458;;0.1269;38.3798;1.2395;;;;9.75;1.17;;9.26;;;;0.209;114.485;2550.93;0.094;18.248;0.153;0.11300;0.029;1.281;0.103;;0.035;0.127;;0.019;;0.179;2174.251;;0.032;0.286;;10.345;0.066;;8.235;;0.022;;;0.017;;;0.963;0.125;43.256;
OGL;23;1;1;2;40.2985;0.0652;1.3094;8.5283;;0.1284;38.4078;1.2345;;;;9.68;1.06;;9.25;;;;0.218;120.423;2828.13;0.093;19.429;0.163;0.11900;0.028;1.44;0.111;;0.037;0.142;;0.019;;0.194;2238.15;;0.035;0.308;;10.421;0.07;;8.761;;0.02;;;0.018;;;0.97;0.116;47.642;
OGL;23;1;2;2;40.3526;0.0531;1.3057;8.5727;;0.1288;38.2486;1.2416;;;;9.67;1.06;;9.26;;;;0.203;114.757;2713.39;0.097;18.312;0.154;0.11500;0.029;1.349;0.106;;0.035;0.13;;0.019;;0.181;2159.19;;0.033;0.303;;10.276;0.067;;8.699;;0.021;;;0.017;;;0.969;0.115;45.388;
OGL;23;2;1;1;40.4107;0.0734;1.3218;8.5038;;0.1261;38.4316;1.2402;;;;9.59;1.16;;9.26;;;;0.229;110.18;2545.28;0.093;17.942;0.16;0.10400;0.029;1.299;0.111;;0.035;0.138;;0.017;;0.204;2121.264;;0.037;0.251;;9.551;0.064;;8.53;;0.022;;;0.017;;;0.977;0.12;46.216;
OGL;23;2;2;1;40.3348;0.0787;1.2933;8.4388;;0.1257;38.4278;1.2283;;;;9.69;1.14;;9.27;;;;0.222;110.134;2558.69;0.101;18.768;0.159;0.11300;0.028;1.283;0.113;;0.035;0.133;;0.019;;0.195;2117.632;;0.036;0.255;;9.216;0.069;;8.515;;0.021;;;0.017;;;0.979;0.114;46.497;
OGL;23;2;1;2;40.2876;0.0706;1.3221;8.5037;;0.1239;38.3929;1.23;;;;9.78;1.06;;9.26;;;;0.223;111.013;2511.25;0.092;18.398;0.163;0.11000;0.027;1.326;0.113;;0.036;0.128;;0.019;;0.21;2174.416;;0.035;0.268;;10.27;0.07;;8.331;;0.022;;;0.018;;;0.951;0.124;44.587;
OGL;23;2;2;2;40.3904;0.0786;1.2926;8.4652;;0.1252;38.355;1.2384;;;;9.49;1.02;;9.27;;;;0.195;114.54;2534.13;0.097;19.042;0.165;0.11200;0.029;1.356;0.113;;0.034;0.117;;0.02;;0.177;2238.934;;0.03;0.264;;10.627;0.082;;8.415;;0.021;;;0.017;;;0.97;0.122;44.567;
OGL;23;3;1;1;40.5219;0.0577;1.32;8.5721;;0.1279;38.6029;1.2405;;;;9.92;1.2;;9.24;;;;0.233;109.076;2520.95;0.101;18.362;0.154;0.11000;0.027;1.288;0.124;;0.037;0.154;;0.019;;0.167;2102.139;;0.037;0.271;;9.3;0.073;;8.408;;0.022;;;0.018;;;0.957;0.114;46.848;
OGL;23;3;2;1;40.4721;0.0632;1.3214;8.5243;;0.1286;38.4314;1.2283;;;;9.81;1.17;;9.25;;;;0.221;108.193;2577.62;0.096;18.255;0.162;0.11600;0.028;1.306;0.108;;0.034;0.128;;0.019;;0.18;2074.417;;0.037;0.262;;9.304;0.064;;8.444;;0.021;;;0.017;;;0.959;0.115;46.003;
OGL;23;3;1;2;40.4299;0.056;1.3067;8.6099;;0.1296;38.5024;1.2516;;;;9.34;1.01;;9.24;;;;0.226;110.806;2533.78;0.095;18.543;0.157;0.11300;0.026;1.306;0.113;;0.035;0.143;;0.02;;0.175;2162.322;;0.033;0.263;;10.295;0.07;;8.362;;0.023;;;0.017;;;0.973;0.116;45.589;
OGL;23;3;2;2;40.471;0.0615;1.3136;8.5649;;0.1265;38.406;1.2427;;;;9.44;1;;9.25;;;;0.204;108.518;2458.61;0.095;18.265;0.162;0.12100;0.028;1.282;0.113;;0.035;0.129;;0.02;;0.184;2152.031;;0.034;0.25;;10.023;0.077;;8.362;;0.022;;;0.017;;;0.944;0.126;44.341;
OGL2;24;1;1;1;;0.034412358;;;;0.129303665;;;;0.010105755;0.003184351;;;;;3.168771;4.903;;;119.2;2578.649;;;;;;;;0.03;;;1.67;;0.055;;2077.2;0.352;;;0.138;9.591;;;8.06;;;0.014;;;0.013;41.7;0.982;;42.5;1.698
OGL2;24;1;2;1;;0.031853686;;;;0.130117058;;;;0.01023825;0.003023988;;;;;3.014724;4.907;;;118.8;2586.271;;;;;;;;0.03;;;1.637;;0.048;;2082;0.301;;;0.132;10.015;;;8.095;;;0.012;;;0.012;43.7;1.222;;43.1;1.932
OGL2;24;1;1;2;;0.034753692;;;;0.129290754;;;;0.010515285;0.003275987;;;;;3.468211;4.894;;;118.9;2587.819;;;;;;;;0.033;;;2.002;;0.055;;2071.8;0.098;;;0.121;9.086;;;8.191;;;0.014;;;0.013;41.5;0.833;;43.2;1.722
OGL2;24;1;2;2;;0.033173478;;;;0.130543121;;;;0.01031052;0.003161442;;;;;3.189445;4.931;;;117.9;2588.362;;;;;;;;0.031;;;1.784;;0.048;;2088.7;0.067;;;0.122;9.48;;;8.062;;;0.011;;;0.012;42.9;1.115;;42.6;2.103
OGL2;24;2;1;1;;0.031766934;;;;0.13272508;;;;0.01062369;0.003390532;;;;;3.201282;4.721;;;120.1;2609.668;;;;;;;;0.032;;;1.682;;0.055;;2113.2;0.415;;;0.151;10.256;;;8.039;;;0.02;;;0.017;42.6;1.046;;43;2.114
OGL2;24;2;2;1;;0.031833833;;;;0.128632293;;;;0.01009371;0.003138533;;;;;3.488473;5.014;;;117.2;2585.229;;;;;;;;0.032;;;1.675;;0.057;;2064.6;0.445;;;0.15;9.633;;;8.379;;;0.019;;;0.013;42.1;0.962;;42.3;2.099
OGL2;24;2;1;2;;0.032900711;;;;0.132892923;;;;0.01023825;0.003161442;;;;;2.909907;4.77;;;120.2;2596.133;;;;;;;;0.032;;;1.747;;0.049;;2112.4;0.335;;;0.15;9.711;;;8.357;;;0.018;;;0.017;44.5;1.133;;43.4;1.96
OGL2;24;2;2;2;;0.03324388;;;;0.128516094;;;;0.00997326;0.003001079;;;;;3.226978;4.829;;;118.6;2588.969;;;;;;;;0.033;;;1.613;;0.053;;2067.8;0.37;;;0.14;8.471;;;7.895;;;0.017;;;0.012;42.8;0.92;;42.4;2.202
OGL2;24;3;1;1;;0.031739408;;;;0.129949215;;;;0.009672135;0.003184351;;;;;4.027893;4.935;;;118.4;2600.151;;;;;;;;0.03;;;1.623;;0.051;;2077.6;0.436;;;0.14;9.391;;;8.437;;;0.013;;;0.013;43.8;1.379;;42.5;2.124
OGL2;24;3;2;1;;0.031479987;;;;0.129561885;;;;0.010009395;0.003321805;;;;;2.715463;4.903;;;119;2598.905;;;;;;;;0.032;;;1.585;;0.043;;2074.8;0.431;;;0.141;10.112;;;8.209;;;0.015;;;0.014;42.8;0.882;;42.9;1.781
OGL2;24;3;1;2;;0.03212712;;;;0.130104147;;;;0.009720315;0.002886534;;;;;3.169392;4.981;;;118.6;2596.069;;;;;;;;0.031;;;1.795;;0.045;;2083.5;0.356;;;0.134;9.504;;;8.03;;;0.012;;;0.013;41.8;1.154;;43.2;1.873
OGL2;24;3;2;2;;0.032343499;;;;0.129665173;;;;0.010009395;0.003253078;;;;;3.229328;4.724;;;119.2;2601.095;;;;;;;;0.032;;;1.552;;0.05;;2065.9;0.338;;;0.136;8.875;;;8.326;;;0.013;;;0.011;43.2;1.039;;41.5;1.748
OGL3;25;1;1;1;;;;;;;;;;0.0119;0.0022;;;;;;;;;;;;;;;;;;;;;;;;;;;;;;;;;;;;;;;;57.983;;;;0.611
OGL3;25;1;2;1;;;;;;;;;;0.0116;0.0027;;;;;;;;;;;;;;;;;;;;;;;;;;;;;;;;;;;;;;;;55.748;;;;0.572
OGL3;25;1;1;2;;;;;;;;;;0.0124;0.003;;;;;;;;;;;;;;;;;;;;;;;;;;;;;;;;;;;;;;;;49.378;;;;0.577
OGL3;25;1;2;2;;;;;;;;;;0.011;0.0029;;;;;;;;;;;;;;;;;;;;;;;;;;;;;;;;;;;;;;;;48.851;;;;0.581
OGL3;25;2;1;1;;;;;;;;;;0.011;0.0026;;;;;;;;;;;;;;;;;;;;;;;;;;;;;;;;;;;;;;;;40.121;;;;0.562
OGL3;25;2;2;1;;;;;;;;;;0.0101;0.0026;;;;;;;;;;;;;;;;;;;;;;;;;;;;;;;;;;;;;;;;43.594;;;;0.655
OGL3;25;2;1;2;;;;;;;;;;0.0106;0.0028;;;;;;;;;;;;;;;;;;;;;;;;;;;;;;;;;;;;;;;;46.416;;;;0.541
OGL3;25;2;2;2;;;;;;;;;;0.0112;0.0026;;;;;;;;;;;;;;;;;;;;;;;;;;;;;;;;;;;;;;;;50.659;;;;0.644
OGL3;25;3;1;1;;;;;;;;;;0.0121;0.0028;;;;;;;;;;;;;;;;;;;;;;;;;;;;;;;;;;;;;;;;40.93;;;;0.539
OGL3;25;3;2;1;;;;;;;;;;0.0111;0.0028;;;;;;;;;;;;;;;;;;;;;;;;;;;;;;;;;;;;;;;;40.078;;;;0.517
OGL3;25;3;1;2;;;;;;;;;;0.012;0.0028;;;;;;;;;;;;;;;;;;;;;;;;;;;;;;;;;;;;;;;;48.003;;;;0.56
OGL3;25;3;2;2;;;;;;;;;;0.0114;0.0025;;;;;;;;;;;;;;;;;;;;;;;;;;;;;;;;;;;;;;;;45.542;;;;0.531
OU;26;1;1;1;40.71879;0.03469;1.32147;8.69729;;0.1191;38.19709;1.2348;0.0922;0.01095;0.01106;;;;9.27;3.9;6.5;;;95.5;2733;;17.7;;;;0.8;;;;;;;1;;2106.4;;;0.5;;7.9;;;7.8;;;;;;;42.3;2.1;;40.2;7.4
OU;26;1;2;1;40.19978;0.03394;1.32781;8.62467;;0.11692;37.72947;1.21492;0.09766;0.00916;0.01016;;;;9.32;1.5;11.7;;;95.4;2776.2;;17.3;;;;1.5;;;;;;;0.6;;2090.6;;;0.7;;8.4;;;8;;;;;;;40.7;2.5;;41.1;6.6
OU;26;1;1;2;40.31594;0.03516;1.30821;8.63479;;0.11603;37.78436;1.22318;0.06771;0.00811;0.00948;;;;9.3;3.4;12.2;;;93.8;2735.3;;19.1;;;;1.3;;;;;;;0.9;;2104.5;;;0;;9.8;;;8.1;;;;;;;42.4;2.3;;41.1;6.8
OU;26;1;2;2;40.28159;0.0351;1.3176;8.65989;;0.11523;37.73213;1.21277;0.0722;0.00852;0.01204;;;;9.32;0.7;7.5;;;95;2789.9;;18.9;;;;1.2;;;;;;;1.3;;2085.9;;;-0.4;;9;;;7.8;;;;;;;42.7;1.9;;41.3;7
OU;26;2;1;1;40.31594;0.03516;1.30821;8.63479;;0.11603;37.78436;1.22318;0.06771;0.00811;0.00948;;;;9.3;2.1;5.2;;;93.8;2775;;18.1;;;;2;;;;;;;1.1;;2091.2;;;0.4;;7.5;;;8.2;;;;;;;42.5;2;;41.4;6.3
OU;26;2;2;1;40.28159;0.0351;1.3176;8.65989;;0.11523;37.73213;1.21277;0.0722;0.00852;0.01204;;;;9.32;3.2;9.8;;;91.8;2772.1;;17.5;;;;1.5;;;;;;;1.1;;2108.2;;;0.6;;7.9;;;7.9;;;;;;;42.3;2.2;;40.2;7.4
OU;26;2;1;2;40.30142;0.03395;1.31436;8.64916;;0.11655;37.68413;1.2223;0.09312;0.00715;0.01167;;;;9.3;2.4;8.9;;;94.2;2794.2;;20;;;;1.5;;;;;;;0.6;;2089.3;;;0.4;;7.6;;;7.4;;;;;;;43.1;2.1;;40.6;6.4
OU;26;2;2;2;40.35081;0.03339;1.29926;8.66986;;0.11798;37.68134;1.21448;0.08519;0.0097;0.01221;;;;9.32;4.5;14.4;;;93.6;2774.7;;18.1;;;;0.8;;;;;;;0.6;;2076.2;;;0.5;;7.2;;;7.9;;;;;;;41.1;1.9;;40.3;6.1
OU;26;3;1;1;40.3027;0.0342;1.32398;8.63008;;0.11701;37.77575;1.21988;0.08043;0.00939;0.01151;;;;9.28;2.3;12.1;;;95.3;2777.9;;18;;;;1;;;;;;;0.6;;2103.4;;;0.2;;8.3;;;7.8;;;;;;;42;2.5;;41.4;7.1
OU;26;3;2;1;40.16152;0.03435;1.32362;8.62206;;0.11538;37.63499;1.21753;0.08278;0.0088;0.01199;;;;9.32;1;12.6;;;94.5;2775.6;;17.8;;;;1.3;;;;;;;1.1;;2108.6;;;-0.4;;7.3;;;8.2;;;;;;;46;2.6;;41.1;6
OU;26;3;1;2;40.2579;0.0351;1.32741;8.64523;;0.11696;37.84364;1.21202;0.07464;0.00961;0.01161;;;;9.28;1.4;19.6;;;94.7;2775.2;;18;;;;2.2;;;;;;;0.9;;2102;;;0.1;;6.8;;;7.9;;;;;;;43.1;2;;40.5;6.3
OU;26;3;2;2;40.10622;0.03502;1.30594;8.64942;;0.11608;37.56743;1.22358;0.0792;0.00825;0.01118;;;;9.32;2.5;9.8;;;95.5;2776.8;;18;;;;1.5;;;;;;;1.3;;2102.7;;;0.4;;8.6;;;8.5;;;;;;;46.7;2.5;;40.6;6.9
SGS;27;1;1;1;40.4;0.04;1.34;8.54;;0.12;37.9;1.21;0.09;0.02;;;;;9.12;;6;;;110;;;20;;;;;;;;;;;;;2000;;;;;;;;9.3;;;;;;;29;1;;43;
SGS;27;1;2;1;40.5;0.04;1.36;8.56;;0.12;38.3;1.22;0.1;;;;;;9.07;;6.9;;;110;;;20;;;;;;;;;;;;;2000;;;;;;;;10;;;;;;;29;1;;45;
SGS;27;1;1;2;40.6;0.03;1.35;8.56;;0.12;38.1;1.22;0.1;;;;;;9.13;;5;;;110;;;19;;;;;;;;;;;;;2000;;;;;;;;8.4;;;;;;;32;1;;35;
SGS;27;1;2;2;40.4;0.03;1.34;8.58;;0.12;38.3;1.21;0.1;;;;;;9.18;;5.4;;;110;;;19;;;;;;;;;;;;;2000;;;;;;;;8.7;;;;;;;31;1;;37;
SGS;27;2;1;1;40.7;0.04;1.34;8.65;;0.12;38.2;1.21;0.1;;;;;;9.1;;6.4;;;110;;;21;;;;;;;;;;;;;2000;;;;;;;;10;;;;;;;30;1;;48;
SGS;27;2;2;1;40.8;0.03;1.33;8.7;;0.12;38.4;1.22;0.11;0.03;;;;;9.09;;6.4;;;110;;;20;;;;;;;;;;;;;2000;;;;;;;;11;;;;;;;29;1;;46;
SGS;27;2;1;2;40.6;0.04;1.36;8.59;;0.11;37.9;1.23;0.09;;;;;;9.21;;4.9;;;110;;;20;;;;;;;;;;;;;2000;;;;;;;;8.2;;;;;;;29;0.9;;43;
SGS;27;2;2;2;40.5;0.04;1.32;8.66;;0.12;38.2;1.2;0.1;0.02;;;;;9.15;;5.6;;;110;;;20;;;;;;;;;;;;;2000;;;;;;;;10;;;;;;;29;1;;34;
SGS;27;3;1;1;41;0.04;1.35;8.72;;0.12;38.2;1.22;0.1;;;;;;9.21;;6.2;;;110;;;20;;;;;;;;;;;;;2100;;;;;;;;11;;;;;;;32;1.1;;43;
SGS;27;3;2;1;40.6;0.03;1.34;8.63;;0.12;38.5;1.22;0.1;0.01;;;;;9.14;;5.6;;;110;;;20;;;;;;;;;;;;;2100;;;;;;;;10;;;;;;;29;0.9;;43;
SGS;27;3;1;2;40.7;0.04;1.35;8.65;;0.12;38;1.21;0.11;0.01;;;;;9.18;;5.1;;;110;;;21;;;;;;;;;;;;;1900;;;;;;;;9;;;;;;;29;1;;32;
SGS;27;3;2;2;40.5;0.04;1.34;8.59;;0.12;38.2;1.21;0.09;0.01;;;;;9.07;;5.7;;;110;;;20;;;;;;;;;;;;;2000;;;;;;;;10;;;;;;;33;1;;35;
SRNL;28;1;1;1;40.6;0.034;1.36;8.46;;0.118;38.72;1.23;0.138;0.018;0.014;;;;9.31;;;;;;;;;;;;;;;;;;;;;;;;;;;;;;;;;;;;;;;;
SRNL;28;1;2;1;40.61;0.033;1.38;8.45;;0.117;38.67;1.23;0.136;0.018;0.014;;;;9.35;;;;;;;;;;;;;;;;;;;;;;;;;;;;;;;;;;;;;;;;
SRNL;28;1;1;2;40.6;0.033;1.37;8.45;;0.117;38.73;1.23;0.137;0.018;0.014;;;;9.31;;;;;;;;;;;;;;;;;;;;;;;;;;;;;;;;;;;;;;;;
SRNL;28;1;2;2;40.58;0.031;1.37;8.44;;0.117;38.72;1.23;0.136;0.018;0.013;;;;9.35;;;;;;;;;;;;;;;;;;;;;;;;;;;;;;;;;;;;;;;;
SRNL;28;2;1;1;40.44;0.032;1.37;8.42;;0.117;38.64;1.22;0.14;0.018;0.013;;;;9.59;;;;;;;;;;;;;;;;;;;;;;;;;;;;;;;;;;;;;;;;
SRNL;28;2;2;1;40.43;0.033;1.38;8.42;;0.116;38.62;1.22;0.134;0.018;0.013;;;;9.61;;;;;;;;;;;;;;;;;;;;;;;;;;;;;;;;;;;;;;;;
SRNL;28;2;1;2;40.46;0.033;1.37;8.43;;0.117;38.62;1.22;0.138;0.018;0.013;;;;9.59;;;;;;;;;;;;;;;;;;;;;;;;;;;;;;;;;;;;;;;;
SRNL;28;2;2;2;40.38;0.031;1.38;8.42;;0.117;38.68;1.22;0.136;0.017;0.013;;;;9.61;;;;;;;;;;;;;;;;;;;;;;;;;;;;;;;;;;;;;;;;
SRNL;28;3;1;1;40.44;0.034;1.38;8.42;;0.117;38.62;1.22;0.136;0.018;0.013;;;;9.6;;;;;;;;;;;;;;;;;;;;;;;;;;;;;;;;;;;;;;;;
SRNL;28;3;2;1;40.45;0.034;1.37;8.42;;0.117;38.61;1.22;0.133;0.018;0.013;;;;9.62;;;;;;;;;;;;;;;;;;;;;;;;;;;;;;;;;;;;;;;;
SRNL;28;3;1;2;40.48;0.032;1.38;8.42;;0.117;38.59;1.22;0.132;0.017;0.013;;;;9.6;;;;;;;;;;;;;;;;;;;;;;;;;;;;;;;;;;;;;;;;
SRNL;28;3;2;2;40.44;0.033;1.37;8.42;;0.117;38.61;1.22;0.135;0.018;0.013;;;;9.62;;;;;;;;;;;;;;;;;;;;;;;;;;;;;;;;;;;;;;;;
Ulaval;29;1;1;1;;;;8.558594647;;;;;0.121943952;;;;;;;4.435;6.5123;;0.3745;108.10245;2806.407;0.0798;;;;0.02905;;;0.0573;;0.1238;;0.0174;;0.309;;;;;0.1266;9.5778;0.069;;;;;;;;0.01585;;;0.13945;;
Ulaval;29;1;2;1;;;;8.354823452;;;;;0.114728305;;;;;;;4.6544;6.8044;;0.3741;107.44795;2723.497;0.1209;;;;0.0251;;;;;0.1236;;0.0185;;0.3375;;;;;0.1467;9.3294;0.0566;;;;;;;;;;;0.12385;;
Ulaval;29;1;1;2;;;;8.419003694;;;;;;;;;;;;;;;;;2761.512;;;;;;;;;;;;;;;2128.437;;;;0.1869;9.46435;;;;;0.0224;;;;;;;;;
Ulaval;29;1;2;2;;;;8.36802408;;;;;;;;;;;;;;;;;2730.705;;;;;;;;;;;;;;;2135.981;;;;0.1468;9.4109;;;;;0.0226;;;;;;;;;
Ulaval;29;2;1;1;;;;8.460602899;;;;;0.121140456;;;;;;;4.3455;3.7798;;;;2760.92;;;;;;;;;;0.1075;;0.0179;;;;;;;0.1359;9.4656;0.0714;;;;;;;;;;;0.1234;;
Ulaval;29;2;2;1;;;;8.401289432;;;;;0.119781225;;;;;;;4.3873;5.592;;;;2744.419;;;;;;;;;;0.1612;;0.0167;;0.3532;;;;;0.1305;9.4094;0.0738;;;;;;;;;;;0.1119;;
Ulaval;29;2;1;2;;;;8.519906357;;;;;;;;;;;;;;;0.2818;109.089;2785.748;0.0545;;;;0.02405;;;0.0585;;;;;;;2179.819;;;;0.1141;9.5717;;;;;;;;;;;;;;
Ulaval;29;2;2;2;;;;8.409781984;;;;;;;;;;;;;;;;108.05385;2752.706;0.1296;;;;0.02525;;;0.0456;;;;;;;2156.702;;;;0.1512;9.47895;;;;0.011;0.0189;;;;;;;;;
Ulaval;29;3;1;1;;;;8.607292424;;;;;0.118584018;;;;;;;4.3891;6.5116;;;;2819.516;;;;;;;;;;0.1542;;0.0213;;0.2329;;;;;0.1391;9.6569;0.0667;;;;;;;;0.0269;;;0.1463;;
Ulaval;29;3;2;1;;;;8.284749894;;;;;0.116248428;;;;;;;3.9081;4.9557;;;;2725.047;;;;;;;;;;0.17605;;0.0174;;0.273;;;;;0.123;9.3477;0.0626;;;;;;;;0.0326;;;0.1168;;
Ulaval;29;3;1;2;;;;8.593551362;;;;;;;;;;;;;;;0.3299;109.4918;2815.37;0.1333;;;;0.0256;;;;;;;;;;1993.713;;;;0.1482;9.68235;;;;;;;;;;;;;;
Ulaval;29;3;2;2;;;;8.474391142;;;;;;;;;;;;;;;0.4095;107.4842;2786.22;0.0995;;;;0.0308;;;;;;;;;;1925.715;;;;0.1315;9.58215;;;;;;;;;;;;;;
UNICAMP;30;1;1;1;40.392996;0.0381066;1.333731;8.637496;;0.1188563;38.460447;1.342804;0.099803;;;;;;9.27;;;;;;2740.31819;;;;;;;;;;;;;;;2195.75673;;;;;;;;;;;;;;;;;;;
UNICAMP;30;1;2;1;40.43406;0.03628;1.35143;8.62557;;0.117003;38.41145;1.33329;0.09977;;;;;;9.3;;;;;;2760.908;;;;;;;;;;;;;;;2175.7116;;;;;;;;;;;;;;;;;;;
UNICAMP;30;1;1;2;40.211536;0.0381066;1.333731;8.610277;;0.1170417;38.188257;1.324658;0.099803;;;;;;9.27;;;;;;2732.42468;;;;;;;;;;;;;;;2171.44109;;;;;;;;;;;;;;;;;;;
UNICAMP;30;1;2;2;40.21638;0.034466;1.32422;8.60743;;0.117003;38.21191;1.33329;0.0907;;;;;;9.3;;;;;;2755.6474;;;;;;;;;;;;;;;2156.4832;;;;;;;;;;;;;;;;;;;
UNICAMP;30;2;1;1;40.37057;0.03628;1.34236;8.59836;;0.120631;38.44773;1.33329;0.09977;;;;;;9.3;;;;;;2758.4591;;;;;;;;;;;;;;;2204.2821;;;;;;;;;;;;;;;;;;;
UNICAMP;30;2;2;1;40.511223;0.0380898;1.333143;8.624619;;0.117897;38.561388;1.351281;0.108828;;;;;;9.31;;;;;;2752.16943;;;;;;;;;;;;;;;2190.97971;;;;;;;;;;;;;;;;;;;
UNICAMP;30;2;1;2;40.21638;0.03628;1.32422;8.59836;;0.118817;38.10307;1.33329;0.09977;;;;;;9.3;;;;;;2757.1893;;;;;;;;;;;;;;;2170.0882;;;;;;;;;;;;;;;;;;;
UNICAMP;30;2;2;2;40.35705;0.0344622;1.333143;8.606481;;0.1169901;38.216766;1.333143;0.108828;;;;;;9.31;;;;;;2752.89495;;;;;;;;;;;;;;;2156.88027;;;;;;;;;;;;;;;;;;;
UNICAMP;30;3;1;1;40.207512;0.036272;1.323928;8.578328;;0.1160704;38.112804;1.332996;0.099748;;;;;;9.32;;;;;;2736.99444;;;;;;;;;;;;;;;2169.33764;;;;;;;;;;;;;;;;;;;
UNICAMP;30;3;2;1;40.117264;0.036256;1.323344;8.538288;;0.1169256;38.11412;1.323344;0.099704;;;;;;9.36;;;;;;2722.00984;;;;;;;;;;;;;;;2184.51464;;;;;;;;;;;;;;;;;;;
UNICAMP;30;3;1;2;40.026152;0.0380856;1.31486;8.578328;;0.1187908;37.840764;1.332996;0.099748;;;;;;9.32;;;;;;2730.64684;;;;;;;;;;;;;;;2142.49636;;;;;;;;;;;;;;;;;;;
UNICAMP;30;3;2;2;39.963176;0.036256;1.31428;8.556416;;0.117832;37.833136;1.323344;0.09064;;;;;;9.36;;;;;;2719.38128;;;;;;;;;;;;;;;2151.70296;;;;;;;;;;;;;;;;;;;
USGS;31;1;1;1;39.9173;0.0413;1.3002;9.2665;;0.124;37.4867;1.2652;0.1291;0.0159;0.0052;;;;9.76;4.4;5;;0.274;107;2810;0.114;19.7;0.092;0.08500;0.0316;1.3;0.162;0.0343;0.0444;0.127;1.1;0.0199;;0.282;2080;0.41;0.064;1.91;0.147;9.45;0.0685;;8.27;0.0048;0.0291;;;0.02;0.0273;25;0.61;0.119;38.5;9.14
USGS;31;1;2;1;39.9529;0.0402;1.2722;9.3025;;0.1251;37.5423;1.2567;0.11;0.0137;0.0077;;;;9.69;4.24;5;;0.271;106;2810;0.121;19;0.091;0.06400;0.0333;1.2;0.161;0.0482;0.0583;0.14;;0.0215;;0.313;2050;0.53;0.03;1.68;0.142;9.14;0.0707;;9.79;0.0061;0.0309;;;0.0252;0.024;25;0.55;0.119;43.6;9.1
USGS;31;1;1;2;39.828;0.0418;1.32;9.283;;0.1235;37.5225;1.2624;0.1386;0.0166;0.0066;;;;9.76;4.24;5.3;;0.255;110;2750;0.1;20.8;0.096;0.07300;0.0356;1.2;0.175;0.032;0.0365;0.145;3.3;0.0206;;0.248;2040;0.47;0.058;1.94;0.148;9.3;0.0736;;7.96;0.0046;0.0279;;;0.0174;0.0217;25;0.59;0.122;48.5;9.61
USGS;31;1;2;2;39.8915;0.0397;1.2811;9.2791;;0.1247;37.5954;1.2602;0.1182;0.0146;0.007;;;;9.69;4.46;5.2;;0.257;108;2740;0.108;24.8;0.1;0.08000;0.0335;1.2;0.155;0.0406;0.0506;0.142;3.4;0.021;;0.306;2020;;0.04;2.77;0.145;9.16;0.0716;;10.9;0.0046;0.0257;;;0.0209;0.0213;26;0.59;0.118;49.4;11.2
USGS;31;2;1;1;39.8138;0.0418;1.2864;9.2316;;0.124;37.6056;1.2803;0.1172;0.013;0.005;;;;9.72;4.31;5.1;;0.311;103;2740;0.107;22.4;0.093;0.05000;0.0315;1.2;0.142;0.0378;0.0597;0.135;0.8;0.0204;;0.27;2020;0.51;0.071;1.28;0.14;9.13;0.0723;;11.4;0.0058;0.0292;;;0.0233;0.0234;24;0.6;0.121;42.1;9.64
USGS;31;2;2;1;39.787;0.0398;1.3242;9.196;;0.1257;37.5441;1.2865;0.1167;0.0138;0.0053;;;;9.66;4.59;5.2;;0.253;107;2780;0.106;18.8;0.094;0.07200;0.0329;1.2;0.192;0.041;0.0485;0.133;1;0.0215;;0.234;2060;0.41;0.03;1.84;0.174;9.26;0.0707;;13.2;0.0055;0.0294;;;0.0242;0.0351;23;0.6;0.125;45.5;9.23
USGS;31;2;1;2;39.8223;0.0409;1.2926;9.2299;;0.1251;37.5983;1.2793;0.1209;0.0155;0.0057;;;;9.72;4.18;5.1;;0.299;106;2700;0.106;20;0.098;0.08000;0.0373;1.3;0.173;0.0364;0.0369;0.148;4.6;0.0225;;0.294;1990;0.46;0.1;3.1;0.152;9;0.0679;;10.9;0.0052;0.0293;;;0.019;0.0218;27;0.6;0.125;47.6;14.9
USGS;31;2;2;2;39.774;0.0437;1.3506;9.2199;;0.1244;37.4991;1.2931;0.1313;0.0178;0.0097;;;;9.66;4.29;5.3;;0.268;109;2780;0.102;20.1;0.09;0.07800;0.0349;1.2;0.155;0.0425;0.0433;0.136;4.2;0.0203;;0.332;2020;;0.02;2.85;0.172;9.22;0.075;;9.55;0.0052;0.0249;;;0.017;0.0277;26;0.57;0.12;47.1;10.9
USGS;31;3;1;1;39.5078;0.0379;1.7789;9.0874;;0.123;37.7544;1.2313;0.1089;0.0132;0.0035;;;;9.72;4.49;5.1;;0.277;106;2800;0.106;19;0.096;0.07900;0.0294;1.2;0.144;0.0332;0.0551;0.135;1.1;0.0189;;0.261;2030;0.48;0.07;1.41;0.153;9.2;0.0674;;7.05;0.0059;0.0317;;;0.0195;0.0324;24;0.56;0.12;47.2;8.42
USGS;31;3;2;1;39.4684;0.0374;1.7799;9.0873;;0.1229;37.781;1.2486;0.098;0.0146;0.0086;;;;9.72;4.37;5;;0.284;103;2700;0.112;19.4;0.071;0.06200;0.0365;1.2;0.135;0.0307;0.0434;0.147;0.9;0.021;;0.331;2020;0.4;0.069;1.48;0.15;9.25;0.0741;;9.19;0.0054;0.0274;;;0.0253;0.0335;26;0.58;0.126;49.6;8.01
USGS;31;3;1;2;39.4162;0.0392;1.8072;9.0894;;0.1225;37.8036;1.2329;0.1023;0.0139;0.0066;;;;9.72;4.32;5.3;;0.28;106;2730;0.108;21;0.1;0.07400;0.0364;1.3;0.142;0.0455;0.0438;0.135;3.8;0.0212;;0.305;1980;0.41;0.02;1.58;0.154;9.05;0.0687;;13.1;0.0049;0.0252;;;0.0194;0.0256;29;0.59;0.117;49.5;9.1
USGS;31;3;2;2;39.4041;0.0373;1.7964;9.0762;;0.1223;37.8305;1.2468;0.1038;0.0147;0.005;;;;9.72;4.46;5.1;;0.284;109;2760;0.103;20.7;0.073;0.08200;0.0327;1.2;0.126;0.04;0.0416;0.154;4.3;0.0197;;0.267;2030;;0.097;2.05;0.147;9.23;0.0768;;8.01;0.0053;0.0284;;;0.0188;0.0238;26;0.56;0.148;50;8.71
USGS2;32;1;1;1;;;;;;;37.9682;;;;;;;;;;;;;;;;;;;;;;;;;;;;;;;;0.22;;;;;;;0.018;;;;;18;1.1;;;
USGS2;32;1;2;1;;;;;;;37.4708;;;;;;;;;;;;;;;;;;;;;;;;;;;;;;;;0.2;;;;;;;0.017;;;;;21.9;1.1;;;
USGS2;32;1;1;2;;;;;;;37.305;;;;;;;;;;;;;;;;;;;;;;;;;;;;;;;;0.23;;;;;;;0.012;;;;;;1.2;;;
USGS2;32;1;2;2;;;;;;;36.8076;;;;;;;;;;;;;;;;;;;;;;;;;;;;;;;;0.22;;;;;;;0.012;;;;;;1.2;;;
USGS2;32;2;1;1;;;;;;;36.3102;;;;;;;;;;;;;;;;;;;;;;;;;;;;;;;;0.23;;;;;;;0.013;;;;;9;1.2;;;
USGS2;32;2;2;1;;;;;;;33.989;;;;;;;;;;;;;;;;;;;;;;;;;;;;;;;;0.23;;;;;;;0.014;;;;;17;1.1;;;
USGS2;32;2;1;2;;;;;;;39.2946;;;;;;;;;;;;;;;;;;;;;;;;;;;;;;;;0.24;;;;;;;0.02;;;;;;1.2;;;
USGS2;32;2;2;2;;;;;;;34.9838;;;;;;;;;;;;;;;;;;;;;;;;;;;;;;;;0.22;;;;;;;0.012;;;;;;1.2;;;
USGS2;32;3;1;1;;;;;;;35.4812;;;;;;;;;;;;;;;;;;;;;;;;;;;;;;;;0.23;;;;;;;0.012;;;;;17.2;1.1;;;
USGS2;32;3;2;1;;;;;;;36.1444;;;;;;;;;;;;;;;;;;;;;;;;;;;;;;;;0.23;;;;;;;0.015;;;;;19.8;1.1;;;
USGS2;32;3;1;2;;;;;;;39.6262;;;;;;;;;;;;;;;;;;;;;;;;;;;;;;;;0.25;;;;;;;0.015;;;;;;1.2;;;
USGS2;32;3;2;2;;;;;;;36.1444;;;;;;;;;;;;;;;;;;;;;;;;;;;;;;;;0.22;;;;;;;0.016;;;;;;1.2;;;
VSEGEI;33;1;1;1;39.73;0.0294;1.252;8.347;;0.116;39.19;1.182;0.1449;;0.0336;;;;9.5;;6.049;;0.2408;101.39;;0.0808;15.39;0.1626;0.10200;0.0244;1.521;0.096;0.1188;0.0288;0.1462;;0.0178;0.321;0.1825;;;0.0318;0.503;;;0.0612;0.0621;9.043;0.0105;0.0186;0.0218;;0.0179;0.0192;42.31;0.89;0.0968;;2.289
VSEGEI;33;1;2;1;40.11;0.0303;1.16;8.464;;0.1148;38.83;1.198;0.1852;;0.0346;;;;9.52;;5.77;;0.2241;90.63;;0.0854;11.45;0.1681;0.11270;0.0245;1.559;0.0994;0.1109;0.0271;0.1418;;0.0182;0.252;0.16;;;0.0335;0.503;;;0.0499;0.055;8.804;0.0097;0.022;0.0245;;0.0201;0.0209;40.72;0.883;0.1159;;2.703
VSEGEI;33;1;1;2;39.75;0.0263;1.285;8.378;;0.1133;39.12;1.181;0.136;;0.0366;;;;9.51;;5.972;;0.2493;103.02;;0.0778;14.73;0.1472;0.10790;0.0265;1.566;0.0793;0.0943;0.0271;0.1796;;0.0164;0.238;0.1572;;;0.0313;0.396;;;0.0472;0.0598;7.985;0.009;0.0176;0.0226;;0.0194;0.0212;41.26;0.894;0.1115;;3.541
VSEGEI;33;1;2;2;40.18;0.0327;1.145;8.483;;0.1165;38.76;1.203;0.236;;0.0351;;;;9.51;;5.559;;0.2373;93.69;;0.0825;12.99;0.1422;0.10640;0.0272;1.547;0.0828;0.0727;0.0263;0.1285;;0.0167;0.341;0.1741;;;0.0277;0.525;;;0.0483;0.0498;7.501;0.0079;0.0169;0.0216;;0.0165;0.0255;39.3;0.841;0.1186;;2.181
VSEGEI;33;2;1;1;39.77;0.0278;1.277;8.361;;0.1141;39.15;1.179;0.1491;;0.0377;;;;9.51;;5.911;;0.2496;104.04;;0.0919;14.32;0.1436;0.10780;0.0225;1.606;0.1036;0.1363;0.029;0.1474;;0.0184;0.281;0.1946;;;0.0331;0.362;;;0.0637;0.0696;8.471;0.0109;0.0225;0.0262;;0.0181;0.0239;40.35;0.875;0.1295;;3.539
VSEGEI;33;2;2;1;40.09;0.0321;1.159;8.486;;0.1171;38.86;1.205;0.136;;0.0357;;;;9.5;;6.199;;0.2213;105.99;;0.1001;17.23;0.1383;0.09850;0.0212;1.68;0.082;0.1441;0.0313;0.1483;;0.0189;0.365;0.1531;;;0.0349;0.371;;;0.0498;0.0723;8.287;0.01;0.0208;0.0225;;0.0167;0.0231;42.96;0.849;0.1247;;3.319
VSEGEI;33;2;1;2;39.77;0.0291;1.232;8.405;;0.1135;39.09;1.19;0.141;;0.0345;;;;9.52;;5.59;;0.2511;100.69;;0.0794;15.23;0.1552;0.11460;0.0198;1.53;0.1063;0.0982;0.0333;0.1561;;0.0212;0.274;0.1811;;;0.0364;0.371;;;0.0484;0.0575;9.466;0.009;0.0199;0.0203;;0.017;0.0239;39.57;0.949;0.14;;2.144
VSEGEI;33;2;2;2;40;0.0305;1.209;8.332;;0.1142;38.96;1.194;0.1429;;0.0349;;;;9.54;;6.246;;0.2181;107.51;;0.0853;13.5;0.156;0.10350;0.0287;1.763;0.0957;0.0808;0.0307;0.1373;;0.0193;0.201;0.1776;;;0.034;0.35;;;0.0559;0.0642;9.735;0.0098;0.0225;0.0254;;0.0181;0.0261;42.63;0.948;0.1464;;2.426
VSEGEI;33;3;1;1;39.83;0.0312;1.304;8.427;;0.1144;39.01;1.229;0.1515;;0.0397;;;;9.44;;5.811;;0.174;98.8;;0.0829;14.58;0.1554;0.10980;0.0252;1.549;0.0899;0.1098;0.0299;0.1411;;0.0172;0.22;0.1629;;;0.0311;0.446;;;0.0496;0.0515;8.461;0.0105;0.0243;0.0224;;0.0198;0.0182;40.78;0.897;0.1242;;2.618
VSEGEI;33;3;2;1;40.19;0.0352;1.204;8.547;;0.1169;38.57;1.271;0.1699;;0.03;;;;9.44;;6.057;;0.2177;100.08;;0.0858;13.69;0.1609;0.08710;0.024;1.711;0.0902;0.1114;0.0297;0.1391;;0.0159;0.202;0.1722;;;0.0269;0.43;;;0.041;0.0781;8.599;0.01;0.0213;0.0262;;0.0156;0.0263;41.54;0.862;0.1197;;2.661
VSEGEI;33;3;1;2;39.84;0.031;1.347;8.302;;0.1146;39.11;1.228;0.1527;;0.0373;;;;9.47;;5.982;;0.2733;93.93;;0.0979;14.14;0.1609;0.11010;0.0254;1.543;0.1161;0.0968;0.0365;0.1578;;0.0178;0.24;0.1955;;;0.0396;0.366;;;0.0566;0.0661;9.462;0.0087;0.0196;0.0203;;0.0205;0.0233;40.19;0.992;0.1225;;2.879
VSEGEI;33;3;2;2;40.17;0.0318;1.166;8.409;;0.1155;38.87;1.211;0.2185;;0.0392;;;;9.48;;5.9;;0.2241;94.99;;0.0748;14.36;0.1516;0.10140;0.0248;1.464;0.0718;0.0823;0.0299;0.1446;;0.0167;0.266;0.1698;;;0.0311;0.583;;;0.0566;0.0522;7.92;0.0079;0.0204;0.023;;0.0189;0.0261;36;0.848;0.1267;;2.32
Wuhan;34;1;1;1;;;;;;;;;;;;;;;;;5.007057167;0.011785957;0.197440571;110.6709438;2804.150848;0.093225346;20.6244256;0.157326677;0.10298;0.030084154;1.457092379;0.110778242;0.056162792;0.036180124;0.131272682;1.608059807;0.01818864;0.08008252;0.196127608;2229.598772;0.430088289;0.036241079;0.287547449;;10.22177897;0.072177572;0.055832408;8.909745735;0.014491753;0.023880268;0.026651032;;0.019192041;0.015805408;43.67954421;1.016355252;0.129052485;50.30254188;0.70267233
Wuhan;34;1;2;1;;;;;;;;;;;;;;;;;4.902503049;0.014874392;0.183112113;105.4310336;2527.534776;0.089694781;18.93384281;0.167043946;0.11403;0.02611006;1.294976714;0.14154402;0.072615581;0.038572559;0.130012538;1.589120932;0.019608302;0.076212274;0.20002518;2074.085237;0.433327393;0.03425025;0.296485942;;9.730169273;0.06279674;0.066325041;8.445936564;0.021821571;0.021278011;0.080124246;;0.021693569;0.018881241;40.91494372;0.998198815;0.136221005;46.1813769;0.864029563
Wuhan;34;1;1;2;;;;;;;;;;;;;;;;;4.675075359;0.006416175;0.185687701;105.38083;2786.680518;0.09926751;19.61077921;0.166052137;0.09891;0.027333255;1.460905753;0.101599528;0.038483525;0.034588982;0.123474387;1.607229021;0.021768453;0.062289773;0.153838065;2077.277933;0.404299585;0.036953383;0.276589047;;9.863912549;0.061202326;0.081399926;8.584518707;0.009922998;0.022015529;0.018433076;;0.017728368;0.015366038;43.7051645;1.000027036;0.115264665;47.20566212;0.549255695
Wuhan;34;1;2;2;;;;;;;;;;;;;;;;;4.83491146;0.017252571;0.198647163;104.9482182;2594.061477;0.091797744;19.24110749;0.168630519;0.11418;0.031231261;1.538384561;0.118247148;0.039482727;0.041558953;0.127098523;1.537416058;0.017879959;0.046442044;0.171531293;2093.421807;0.421087142;0.035032367;0.252864603;;9.869883956;0.067351783;0.085041786;8.639617464;0.007932756;0.022903146;0.018638372;;0.017995613;0.013594004;41.82475038;1.0358679;0.127370431;45.54189809;0.752916197
Wuhan;34;2;1;1;;;;;;;;;;;;;;;;;5.012970945;0.01724184;0.211251643;111.4178081;2787.804902;0.097989873;19.39838051;0.169226936;0.12798;0.026253487;1.382063909;0.114584086;0.041009276;0.03332275;0.134891412;1.691692758;0.022614617;0.061653666;0.199880881;2155.6316;0.422989266;0.037378067;0.260054498;;10.1599324;0.073351404;0.061767119;8.830879413;0.014743597;0.024334805;0.026659971;;0.021617092;0.019268486;44.38074042;1.038038224;0.133912657;49.77304487;0.708591321
Wuhan;34;2;2;1;;;;;;;;;;;;;;;;;4.628536588;0.02077524;0.239223708;103.8093365;2520.717965;0.088399946;18.05925637;0.156709511;0.09476;0.027225871;1.263429583;0.114872257;0.03899429;0.041151144;0.154265534;1.544866305;0.020950275;0.057438725;0.164647007;2008.492284;0.3692699;0.039544581;0.252881611;;9.607017718;0.059507558;0.048279765;8.157376946;0.01746851;0.021698339;0.030197809;;0.018355824;0.014523934;41.02073739;0.948955781;0.119680862;45.95833642;0.550099694
Wuhan;34;2;1;2;;;;;;;;;;;;;;;;;4.889117821;0.013927257;0.205692218;104.4193066;2685.12243;0.098536286;18.2965243;0.168515597;0.10472;0.024312294;1.526594851;0.109110821;0.034332357;0.034528455;0.140784116;1.598421185;0.02031023;0.060023313;0.172016561;2044.87548;0.410028133;0.03405765;0.289250919;;9.806999386;0.067554356;0.113029193;8.49481152;0.010480741;0.023170546;0.021818206;;0.018674443;0.016046507;43.65077117;1.083767999;0.125883184;47.3445099;0.654019368
Wuhan;34;2;2;2;;;;;;;;;;;;;;;;;4.625401275;0.008383223;0.247463749;101.7324065;2673.283806;0.09571643;18.3951485;0.174827614;0.11693;0.025225191;1.458245516;0.118567971;0.036808574;0.040732325;0.147950325;1.519281808;0.01971674;0.052511871;0.201844928;2016.467874;0.395188757;0.038736803;0.286870501;;9.728237084;0.07238092;0.072031312;8.398083162;0.008157998;0.02242147;0.016266624;;0.01614405;0.01553597;41.65962206;1.010476763;0.117560276;46.00915819;0.571411289
Wuhan;34;3;1;1;;;;;;;;;;;;;;;;;4.723879129;0.012586551;0.197200207;110.0465145;2762.753034;0.095412637;20.34375855;0.176251568;0.12618;0.027357195;1.4126769;0.103912642;0.03739923;0.038227107;0.13267198;1.63782821;0.01889386;0.056540456;0.182958972;2134.670982;0.419674548;0.03984654;0.238984311;;10.12481901;0.066994053;0.06666378;8.75724468;0.014042879;0.023518095;0.020110524;;0.019425057;0.014863786;43.62354312;0.999689906;0.137368827;48.30850737;0.758432016
Wuhan;34;3;2;1;;;;;;;;;;;;;;;;;4.873737239;0.016741154;0.186694249;106.9139836;2597.109222;0.092845242;19.42360338;0.157658477;0.11493;0.028299608;1.326743159;0.117230954;0.036987103;0.042642496;0.134341271;1.64792817;0.021825323;0.056459866;0.193584426;2085.468207;0.465807414;0.032227034;0.253743348;;9.909464584;0.075372096;0.045339015;8.54362983;0.024027373;0.023364941;0.023860379;;0.018382807;0.014573867;42.29304993;1.006915479;0.130675794;47.37680276;0.55338301
Wuhan;34;3;1;2;;;;;;;;;;;;;;;;;4.691558677;0.007736203;0.19486796;100.8713703;2584.461883;0.080667676;18.8932954;0.166068711;0.10454;0.029566996;1.528289385;0.115122236;0.034179508;0.036447345;0.119759115;1.55710198;0.019634613;0.050102171;0.169136805;1996.170177;0.407912514;0.032472648;0.25960687;;9.552658106;0.054072803;0.050348582;8.404357701;0.008772298;0.021658227;0.015115459;;0.019390281;0.015395237;41.56842681;0.978744866;0.125958289;46.28292291;0.695261349
Wuhan;34;3;2;2;;;;;;;;;;;;;;;;;4.814994013;0.011478099;0.192004376;103.5733075;2675.731413;0.097032386;19.2694467;0.165160199;0.12281;0.031483104;1.619200585;0.118991686;0.035284533;0.03726184;0.135378937;1.594542594;0.019242292;0.053135148;0.152357231;2062.962716;0.453176125;0.037254397;0.275263531;;9.935858672;0.058814029;0.087482696;8.652156376;0.009309651;0.021385396;0.016276258;;0.017449249;0.012970796;42.78583274;1.000323988;0.144557373;46.50053625;0.60341246
WSU;35;1;1;1;40.77450046;0.038120939;1.400385525;8.844038244;;0.119193493;37.95625419;1.251711103;0.086924574;0.008267358;0.010075411;;;;9.29;;4.617344263;;0.297401853;;2669.713925;0.087958337;22.87613199;0.178452822;0.11154;0.027769875;0.693216121;0.106521329;0.058123467;0.040217126;0.196955526;;0.018619154;0.058579153;0.194202374;2176.421333;0.433890233;0.041832272;0.264900135;;8.892596078;0.067061065;;8.462822762;0.004422738;0.023140448;0.029892903;;0.01732023;0.022682691;43.25668595;0.998834078;0.111779221;52.40713874;1.300232918
WSU;35;1;2;1;40.45908712;0.035900458;1.318613763;8.729154156;;0.117735836;37.75169921;1.208220889;0.090682819;0.007826051;0.008612797;;;;9.29;;4.898788195;;0.292281519;;2649.869673;0.096977534;22.46122264;0.161678455;0.11400;0.027123498;1.941093314;0.109022718;0.046293841;0.037802394;0.182206576;;0.019316753;0.066078167;0.196471205;2156.277373;0.451309073;0.044885631;0.291392564;;9.021064183;0.071840423;;8.699878726;0.004253575;0.022276095;0.0300132;;0.018180917;0.02027814;42.42675387;0.967352598;0.118829772;48.94328143;1.026513624
WSU;35;1;1;2;;;;;;;;;;;;;;;;;;;;;;;;;;;;;;;;;;;;;;;;;;;;;;;;;;;;;;;
WSU;35;1;2;2;;;;;;;;;;;;;;;;;;;;;;;;;;;;;;;;;;;;;;;;;;;;;;;;;;;;;;;
WSU;35;2;1;1;40.53881973;0.035383097;1.329653748;8.924722248;;0.117658459;37.73546628;1.217432473;0.08279976;0.00673438;0.008431776;;;;9.32;;4.997238202;;0.293217032;;2677.233831;0.090970448;21.76387467;0.170341044;0.11631;0.025758008;2.4952213;0.110766168;0.053784203;0.039138638;0.176874591;;0.019416911;0.072703931;0.221677472;2155.455333;0.429089458;0.037879691;0.275329367;;9.320369746;0.072894756;;8.420197342;0.004282762;0.022405112;0.038097214;;0.017407622;0.020667015;42.4187621;0.976169864;0.114397161;48.93406216;1.232893189
WSU;35;2;2;1;40.33805261;0.033658167;1.312516719;8.901864371;;0.117727685;37.76672675;1.215433814;0.080522921;0.006099594;0.007852192;;;;9.32;;4.728773256;;0.230109174;;2675.298243;0.096797463;21.76391648;0.17285007;0.11338;0.028681904;0.693118359;0.11300952;0.042213149;0.038081332;0.140326089;;0.020266626;0.051195886;0.176394789;2166.410744;0.462081708;0.036482046;0.275480732;;9.228669063;0.062533015;;8.487264499;0.00520498;0.021832496;0.02471633;;0.017572421;0.017853451;42.41884359;0.969386214;0.117066565;49.48865086;1.074157183
WSU;35;2;1;2;;;;;;;;;;;;;;;;;;;;;;;;;;;;;;;;;;;;;;;;;;;;;;;;;;;;;;;
WSU;35;2;2;2;;;;;;;;;;;;;;;;;;;;;;;;;;;;;;;;;;;;;;;;;;;;;;;;;;;;;;;
WSU;35;3;1;1;40.55450083;0.033054237;1.30690519;8.838130403;;0.1184432;37.86402197;1.212807575;0.092620871;0.007273312;0.007894373;;;;9.29;;4.562871386;;0.25233741;;2676.533344;0.097043908;21.62743197;0.179896067;0.11648;0.027846162;2.772747688;0.115229287;0.040289644;0.040758131;0.157357955;;0.018277013;0.053729911;0.190263736;2168.150055;0.443598923;0.036750241;0.271762011;;9.059426026;0.069585967;;8.332419026;0.00399875;0.022602303;0.026354303;;0.016526716;0.018771246;42.97758917;0.958359228;0.111466323;49.63218362;0.871913246
WSU;35;3;2;1;40.48074373;0.034308134;1.319138103;8.918440954;;0.118104993;38.11831068;1.207353756;0.099529471;0.007700699;0.007645497;;;;9.29;;4.556805628;;0.238260525;;2687.881533;0.096586471;20.5171214;0.175909099;0.11412;0.027020528;1.247662788;0.111996872;0.042925086;0.038941353;0.149177118;;0.019978657;0.072736763;0.202066214;2179.944149;0.4506481;0.034881718;0.252193819;;8.891952368;0.076413342;;8.721780227;0.003468057;0.023536001;0.031263296;;0.016838261;0.019401603;43.39093918;0.967065025;0.11794521;50.18376991;1.020249255
WSU;35;3;1;2;;;;;;;;;;;;;;;;;;;;;;;;;;;;;;;;;;;;;;;;;;;;;;;;;;;;;;;
WSU;35;3;2;2;;;;;;;;;;;;;;;;;;;;;;;;;;;;;;;;;;;;;;;;;;;;;;;;;;;;;;;
Wien;36;1;1;1;;;;;;;;;;;;;;;;;;;;;;;;;;;;;;;;;;;0.17826548;;;;0.228096803;;;0.064823531;;8.19477836;;;;;;;;;;;
Wien;36;1;2;1;;;;;;;;;;;;;;;;;;;;;;;;;;;;;;;;;;;0.169210124;;;;0.227081325;;;0.064215999;;8.20673408;;;;;;;;;;;
Wien;36;1;1;2;;;;;;;;;;;;;;;;;;;;;;;;;;;;;;;;;;;;;;;;;;;;;;;;;;;;;;;
Wien;36;1;2;2;;;;;;;;;;;;;;;;;;;;;;;;;;;;;;;;;;;;;;;;;;;;;;;;;;;;;;;
Wien;36;2;1;1;;;;;;;;;;;;;;;;;;;;;;;;;;;;;;;;;;;;;;;;;;;;;;;;;;;;;;;
Wien;36;2;2;1;;;;;;;;;;;;;;;;;;;;;;;;;;;;;;;;;;;;;;;;;;;;;;;;;;;;;;;
Wien;36;2;1;2;;;;;;;;;;;;;;;;;;;;;;;;;;;;;;;;;;;;;;;;;;;;;;;;;;;;;;;
Wien;36;2;2;2;;;;;;;;;;;;;;;;;;;;;;;;;;;;;;;;;;;;;;;;;;;;;;;;;;;;;;;
Wien;36;3;1;1;;;;;;;;;;;;;;;;;;;;;;;;;;;;;;;;;;;;;;;;;;;;;;;;;;;;;;;
Wien;36;3;2;1;;;;;;;;;;;;;;;;;;;;;;;;;;;;;;;;;;;;;;;;;;;;;;;;;;;;;;;
Wien;36;3;1;2;;;;;;;;;;;;;;;;;;;;;;;;;;;;;;;;;;;;;;;;;;;;;;;;;;;;;;;
Wien;36;3;2;2;;;;;;;;;;;;;;;;;;;;;;;;;;;;;;;;;;;;;;;;;;;;;;;;;;;;;;;
